,carrier,country,year,Energy_TJ,Total_Energy_TJ,share_pu
0,Ambient heat (heat pumps),Austria,2010,3562.776,251955.00699999998,0.014140524700904237
1,Ambient heat (heat pumps),Austria,2011,3662.7070000000003,232075.45799999998,0.01578239694780652
2,Ambient heat (heat pumps),Austria,2012,3933.889,237258.52899999998,0.01658060098652976
3,Ambient heat (heat pumps),Austria,2013,4171.545,247036.708,0.01688633658443991
4,Ambient heat (heat pumps),Austria,2014,4383.219,221009.108,0.01983275277505758
5,Ambient heat (heat pumps),Austria,2015,5727.472,235991.944,0.024269777615798613
6,Ambient heat (heat pumps),Austria,2016,6062.367,245729.06699999998,0.024670939722405735
7,Ambient heat (heat pumps),Austria,2017,6207.586,246863.39400000003,0.025145834298948348
8,Ambient heat (heat pumps),Austria,2018,7115.801,229236.55699999997,0.03104130114814105
9,Ambient heat (heat pumps),Austria,2019,7222.445,234277.489,0.03082859147427519
10,Ambient heat (heat pumps),Austria,2020,9626.642,239238.75699999998,0.040238639093079724
11,Ambient heat (heat pumps),Austria,2021,12046.625,270183.403,0.04458684310819788
12,Ambient heat (heat pumps),Austria,2022,11524.984,242948.83000000002,0.047437906986421786
13,Ambient heat (heat pumps),Austria,2023,15838.650000000001,245400.577,0.06454202428383043
14,Ambient heat (heat pumps),Austria,2024,15811.145,232731.27000000002,0.06793734679486774
15,Ambient heat (heat pumps),Belgium,2010,0.0,0.0,
16,Ambient heat (heat pumps),Belgium,2011,0.0,0.0,
17,Ambient heat (heat pumps),Belgium,2012,0.0,0.0,
18,Ambient heat (heat pumps),Belgium,2013,0.0,0.0,
19,Ambient heat (heat pumps),Belgium,2014,0.0,0.0,
20,Ambient heat (heat pumps),Belgium,2015,0.0,0.0,
21,Ambient heat (heat pumps),Belgium,2016,2248.6,294464.343,0.007636238659972491
22,Ambient heat (heat pumps),Belgium,2017,2646.6,289962.632,0.009127383007062785
23,Ambient heat (heat pumps),Belgium,2018,3198.2000000000003,287462.069,0.011125641762496325
24,Ambient heat (heat pumps),Belgium,2019,3808.7,279942.452,0.013605296277107696
25,Ambient heat (heat pumps),Belgium,2020,4412.0,267472.39999999997,0.016495159874439384
26,Ambient heat (heat pumps),Belgium,2021,6461.6,295003.682,0.021903455428735973
27,Ambient heat (heat pumps),Belgium,2022,8789.7,250786.81800000003,0.03504849285978021
28,Ambient heat (heat pumps),Belgium,2023,10279.4,249045.126,0.04127525065477491
29,Ambient heat (heat pumps),Bulgaria,2010,0.0,66910.995,0.0
30,Ambient heat (heat pumps),Bulgaria,2011,0.0,71210.321,0.0
31,Ambient heat (heat pumps),Bulgaria,2012,0.0,70572.965,0.0
32,Ambient heat (heat pumps),Bulgaria,2013,0.0,66716.084,0.0
33,Ambient heat (heat pumps),Bulgaria,2014,0.0,63556.211,0.0
34,Ambient heat (heat pumps),Bulgaria,2015,0.0,64807.391,0.0
35,Ambient heat (heat pumps),Bulgaria,2016,0.0,67263.31,0.0
36,Ambient heat (heat pumps),Bulgaria,2017,0.0,69243.062,0.0
37,Ambient heat (heat pumps),Bulgaria,2018,0.0,66035.13399999999,0.0
38,Ambient heat (heat pumps),Bulgaria,2019,0.0,63613.42,0.0
39,Ambient heat (heat pumps),Bulgaria,2020,0.0,71426.827,0.0
40,Ambient heat (heat pumps),Bulgaria,2021,0.0,,
41,Ambient heat (heat pumps),Bulgaria,2022,0.0,60178.386,0.0
42,Ambient heat (heat pumps),Bulgaria,2023,0.0,55859.17999999999,0.0
43,Ambient heat (heat pumps),Bulgaria,2024,0.0,,
44,Ambient heat (heat pumps),Croatia,2010,629.8,91546.758,0.006879544549245533
45,Ambient heat (heat pumps),Croatia,2011,595.2,86857.469,0.00685260584786324
46,Ambient heat (heat pumps),Croatia,2012,612.2,83811.838,0.007304457396579228
47,Ambient heat (heat pumps),Croatia,2013,628.2,82077.874,0.007653707014877116
48,Ambient heat (heat pumps),Croatia,2014,519.3,72144.348,0.007198069071190441
49,Ambient heat (heat pumps),Croatia,2015,623.3,80086.247,0.007782859396570299
50,Ambient heat (heat pumps),Croatia,2016,657.6,79585.29500000001,0.008262832976870915
51,Ambient heat (heat pumps),Croatia,2017,664.0,78446.32,0.008464386857152763
52,Ambient heat (heat pumps),Croatia,2018,629.3,75019.954,0.008388434895601243
53,Ambient heat (heat pumps),Croatia,2019,603.6,72597.22899999999,0.008314366929900315
54,Ambient heat (heat pumps),Croatia,2020,612.2,74591.105,0.008207412934826479
55,Ambient heat (heat pumps),Croatia,2021,668.1,79985.73999999999,0.008352738875704596
56,Ambient heat (heat pumps),Croatia,2022,591.2,74370.18000000001,0.007949422739060198
57,Ambient heat (heat pumps),Croatia,2023,609.8,72748.05,0.008382355265879979
58,Ambient heat (heat pumps),Croatia,2024,647.4,70932.954,0.009126928507728579
59,Ambient heat (heat pumps),Czechia,2010,0.0,0.0,
60,Ambient heat (heat pumps),Czechia,2011,0.0,0.0,
61,Ambient heat (heat pumps),Czechia,2012,0.0,0.0,
62,Ambient heat (heat pumps),Czechia,2013,0.0,0.0,
63,Ambient heat (heat pumps),Czechia,2014,0.0,0.0,
64,Ambient heat (heat pumps),Czechia,2015,0.0,240015.38999999998,0.0
65,Ambient heat (heat pumps),Czechia,2016,0.0,251882.247,0.0
66,Ambient heat (heat pumps),Czechia,2017,0.0,258492.028,0.0
67,Ambient heat (heat pumps),Czechia,2018,5540.428,256520.46600000001,0.021598385837954932
68,Ambient heat (heat pumps),Czechia,2019,6501.231,252958.786,0.025700751900351072
69,Ambient heat (heat pumps),Czechia,2020,7518.445,256985.091,0.029256347015088124
70,Ambient heat (heat pumps),Czechia,2021,8472.823,280505.79,0.03020551910889255
71,Ambient heat (heat pumps),Czechia,2022,12088.0,257112.37,0.0470144629758576
72,Ambient heat (heat pumps),Czechia,2023,14756.1,225410.69400000002,0.06546317629455503
73,Ambient heat (heat pumps),Czechia,2024,15457.461,216337.602,0.07145064407249924
74,Ambient heat (heat pumps),Denmark,2010,0.0,0.0,
75,Ambient heat (heat pumps),Denmark,2011,0.0,0.0,
76,Ambient heat (heat pumps),Denmark,2012,0.0,0.0,
77,Ambient heat (heat pumps),Denmark,2013,0.0,0.0,
78,Ambient heat (heat pumps),Denmark,2014,0.0,0.0,
79,Ambient heat (heat pumps),Denmark,2015,0.0,154383.105,0.0
80,Ambient heat (heat pumps),Denmark,2016,0.0,161007.443,0.0
81,Ambient heat (heat pumps),Denmark,2017,0.0,161059.526,0.0
82,Ambient heat (heat pumps),Denmark,2018,7419.82,155559.87,0.04769751993235788
83,Ambient heat (heat pumps),Denmark,2019,8336.84,151474.097,0.055038057100944456
84,Ambient heat (heat pumps),Denmark,2020,9472.7,146344.002,0.064728993812811
85,Ambient heat (heat pumps),Denmark,2021,10936.67,155096.882,0.07051508617690973
86,Ambient heat (heat pumps),Denmark,2022,11186.21,137124.482,0.08157704471766027
87,Ambient heat (heat pumps),Denmark,2023,12918.32,141734.9,0.09114424182046905
88,Ambient heat (heat pumps),Denmark,2024,14511.380000000001,141666.729,0.10243322551761608
89,Ambient heat (heat pumps),Estonia,2010,0.0,36484.275,0.0
90,Ambient heat (heat pumps),Estonia,2011,0.0,32804.971,0.0
91,Ambient heat (heat pumps),Estonia,2012,0.0,34277.611000000004,0.0
92,Ambient heat (heat pumps),Estonia,2013,0.0,32969.54,0.0
93,Ambient heat (heat pumps),Estonia,2014,0.0,31545.714,0.0
94,Ambient heat (heat pumps),Estonia,2015,0.0,30501.519,0.0
95,Ambient heat (heat pumps),Estonia,2016,0.0,32845.613,0.0
96,Ambient heat (heat pumps),Estonia,2017,0.0,33080.070999999996,0.0
97,Ambient heat (heat pumps),Estonia,2018,0.0,33290.561,0.0
98,Ambient heat (heat pumps),Estonia,2019,0.0,33793.201,0.0
99,Ambient heat (heat pumps),Estonia,2020,0.0,33058.484,0.0
100,Ambient heat (heat pumps),Estonia,2021,0.0,33377.129,0.0
101,Ambient heat (heat pumps),Estonia,2022,0.0,34152.564,0.0
102,Ambient heat (heat pumps),Estonia,2023,0.0,32424.989,0.0
103,Ambient heat (heat pumps),Finland,2010,0.0,0.0,
104,Ambient heat (heat pumps),Finland,2011,0.0,0.0,
105,Ambient heat (heat pumps),Finland,2012,0.0,0.0,
106,Ambient heat (heat pumps),Finland,2013,0.0,0.0,
107,Ambient heat (heat pumps),Finland,2014,0.0,0.0,
108,Ambient heat (heat pumps),Finland,2015,0.0,166001.05000000002,0.0
109,Ambient heat (heat pumps),Finland,2016,0.0,180522.163,0.0
110,Ambient heat (heat pumps),Finland,2017,20939.0,198805.4,0.10532410085440336
111,Ambient heat (heat pumps),Finland,2018,21492.0,195875.611,0.10972269538957558
112,Ambient heat (heat pumps),Finland,2019,22429.0,191932.72199999998,0.11685865633688039
113,Ambient heat (heat pumps),Finland,2020,20918.0,177179.161,0.1180612882572573
114,Ambient heat (heat pumps),Finland,2021,26443.0,203131.84600000002,0.1301765356870729
115,Ambient heat (heat pumps),Finland,2022,28832.0,189594.4,0.1520720021266451
116,Ambient heat (heat pumps),Finland,2023,30551.0,186686.31799999997,0.1636488432965934
117,Ambient heat (heat pumps),Finland,2024,30107.0,181767.798,0.16563439911397287
118,Ambient heat (heat pumps),France,2010,48652.854,1564484.364,0.03109833189742253
119,Ambient heat (heat pumps),France,2011,41974.121,1306931.73,0.03211653679875077
120,Ambient heat (heat pumps),France,2012,52938.879,1472877.17,0.03594249410492255
121,Ambient heat (heat pumps),France,2013,62211.644,1567169.4389999998,0.03969682055547027
122,Ambient heat (heat pumps),France,2014,55578.331,1233570.482,0.04505484835361032
123,Ambient heat (heat pumps),France,2015,65507.851,1322947.441,0.049516593758617805
124,Ambient heat (heat pumps),France,2016,78140.136,1402507.622,0.05571458919315592
125,Ambient heat (heat pumps),France,2017,83086.485,1369836.088,0.060654326256879866
126,Ambient heat (heat pumps),France,2018,89453.243,1314053.759,0.0680742643802292
127,Ambient heat (heat pumps),France,2019,102862.473,1312418.996,0.07837624517284875
128,Ambient heat (heat pumps),France,2020,107753.264,1251326.012,0.08611126354496336
129,Ambient heat (heat pumps),France,2021,151955.388,1452012.4610000001,0.10465157295919376
130,Ambient heat (heat pumps),France,2022,149865.349,1236589.608,0.12119247002438013
131,Ambient heat (heat pumps),France,2023,166795.427,1204005.486,0.13853377658114757
132,Ambient heat (heat pumps),France,2024,174289.222,1200657.665,0.1451614619892507
133,Ambient heat (heat pumps),Germany,2010,19953.0,2257836.3109999998,0.008837221681124784
134,Ambient heat (heat pumps),Germany,2011,22928.0,1939776.104,0.01181992084175092
135,Ambient heat (heat pumps),Germany,2012,26146.0,2068468.168,0.012640271870985834
136,Ambient heat (heat pumps),Germany,2013,29427.0,2210032.084,0.013315191310136655
137,Ambient heat (heat pumps),Germany,2014,32475.0,1855241.17,0.017504462775586208
138,Ambient heat (heat pumps),Germany,2015,35358.0,1903334.52,0.018576871079919257
139,Ambient heat (heat pumps),Germany,2016,38232.0,1991289.2889999999,0.01919962117568544
140,Ambient heat (heat pumps),Germany,2017,41394.0,1976739.098,0.02094054801763222
141,Ambient heat (heat pumps),Germany,2018,44460.0,1942587.0550000002,0.022887005184949096
142,Ambient heat (heat pumps),Germany,2019,48062.0,2023805.416,0.02374833055590558
143,Ambient heat (heat pumps),Germany,2020,52505.0,2032876.1909999999,0.02582793789038971
144,Ambient heat (heat pumps),Germany,2021,56627.0,2007548.022,0.02820704629699762
145,Ambient heat (heat pumps),Germany,2022,64875.0,1992213.04,0.03256428840562152
146,Ambient heat (heat pumps),Germany,2023,55914.0,1795098.504,0.03114815141085985
147,Ambient heat (heat pumps),Germany,2024,64371.0,1789860.885,0.03596424757893963
148,Ambient heat (heat pumps),Greece,2010,0.0,0.0,
149,Ambient heat (heat pumps),Greece,2011,0.0,0.0,
150,Ambient heat (heat pumps),Greece,2012,0.0,0.0,
151,Ambient heat (heat pumps),Greece,2013,0.0,88195.505,0.0
152,Ambient heat (heat pumps),Greece,2014,0.0,0.0,
153,Ambient heat (heat pumps),Greece,2015,0.0,134863.901,0.0
154,Ambient heat (heat pumps),Greece,2016,0.0,123054.227,0.0
155,Ambient heat (heat pumps),Greece,2017,2577.536,127870.09700000001,0.02015745714183669
156,Ambient heat (heat pumps),Greece,2018,2903.0,112068.438,0.025903814238938533
157,Ambient heat (heat pumps),Greece,2019,3029.0,118461.014,0.02556959372304546
158,Ambient heat (heat pumps),Greece,2020,3492.0,126078.13100000001,0.027697111087409756
159,Ambient heat (heat pumps),Greece,2021,4139.26,118597.743,0.03490167599563847
160,Ambient heat (heat pumps),Greece,2022,4029.226,130092.21800000001,0.030972075516461715
161,Ambient heat (heat pumps),Greece,2023,4594.667,108556.182,0.0423252450053927
162,Ambient heat (heat pumps),Greece,2024,6825.26,107152.292,0.06369681760983703
163,Ambient heat (heat pumps),Hungary,2010,0.0,0.0,
164,Ambient heat (heat pumps),Hungary,2011,0.0,0.0,
165,Ambient heat (heat pumps),Hungary,2012,0.0,0.0,
166,Ambient heat (heat pumps),Hungary,2013,0.0,0.0,
167,Ambient heat (heat pumps),Hungary,2014,0.0,0.0,
168,Ambient heat (heat pumps),Hungary,2015,0.0,214045.78100000002,0.0
169,Ambient heat (heat pumps),Hungary,2016,0.0,222263.818,0.0
170,Ambient heat (heat pumps),Hungary,2017,202.0,226499.367,0.0008918347219928433
171,Ambient heat (heat pumps),Hungary,2018,283.0,206009.327,0.001373724210069382
172,Ambient heat (heat pumps),Hungary,2019,389.0,199241.74699999997,0.0019524020736477485
173,Ambient heat (heat pumps),Hungary,2020,493.0,210396.992,0.0023431893931259245
174,Ambient heat (heat pumps),Hungary,2021,836.0,227578.821,0.0036734525485567922
175,Ambient heat (heat pumps),Hungary,2022,1228.0,205923.86099999998,0.005963369150309396
176,Ambient heat (heat pumps),Hungary,2023,1465.0,187059.486,0.007831733270132047
177,Ambient heat (heat pumps),Hungary,2024,2156.0,186218.01,0.011577827515179653
178,Ambient heat (heat pumps),Ireland,2010,0.0,0.0,
179,Ambient heat (heat pumps),Ireland,2011,0.0,0.0,
180,Ambient heat (heat pumps),Ireland,2012,0.0,0.0,
181,Ambient heat (heat pumps),Ireland,2013,0.0,0.0,
182,Ambient heat (heat pumps),Ireland,2014,0.0,0.0,
183,Ambient heat (heat pumps),Ireland,2015,705.253,95611.497,0.007376236353667802
184,Ambient heat (heat pumps),Ireland,2016,837.723,99331.34999999999,0.00843362140955499
185,Ambient heat (heat pumps),Ireland,2017,864.7339999999999,92599.329,0.009338447798039658
186,Ambient heat (heat pumps),Ireland,2018,902.414,99771.74100000001,0.009044785537018943
187,Ambient heat (heat pumps),Ireland,2019,1036.0330000000001,96411.018,0.010746002080384632
188,Ambient heat (heat pumps),Ireland,2020,1213.005,105851.364,0.011459512226975176
189,Ambient heat (heat pumps),Ireland,2021,1480.297,99558.86,0.014868561170748642
190,Ambient heat (heat pumps),Ireland,2022,2016.049,85520.399,0.023573896094661578
191,Ambient heat (heat pumps),Ireland,2023,2642.718,80625.17,0.03277782856147776
192,Ambient heat (heat pumps),Ireland,2024,3277.337,85241.33,0.03844774594671388
193,Ambient heat (heat pumps),Italy,2010,0.0,0.0,
194,Ambient heat (heat pumps),Italy,2011,0.0,0.0,
195,Ambient heat (heat pumps),Italy,2012,0.0,0.0,
196,Ambient heat (heat pumps),Italy,2013,0.0,0.0,
197,Ambient heat (heat pumps),Italy,2014,0.0,0.0,
198,Ambient heat (heat pumps),Italy,2015,0.0,1079159.066,0.0
199,Ambient heat (heat pumps),Italy,2016,0.0,1071828.264,0.0
200,Ambient heat (heat pumps),Italy,2017,4258.769,1094418.4070000001,0.0038913535927032335
201,Ambient heat (heat pumps),Italy,2018,4172.727,1052669.79,0.003963946756750756
202,Ambient heat (heat pumps),Italy,2019,4024.649,1021372.6340000001,0.003940431597661153
203,Ambient heat (heat pumps),Italy,2020,3990.586,996364.3949999999,0.004005147132942261
204,Ambient heat (heat pumps),Italy,2021,26890.993000000002,1098323.614,0.024483670074310175
205,Ambient heat (heat pumps),Italy,2022,32377.317,954454.2170000001,0.03392233637121643
206,Ambient heat (heat pumps),Italy,2023,34587.125,845852.2640000001,0.040890267097517634
207,Ambient heat (heat pumps),Italy,2024,35829.951,843573.747,0.04247399960871471
208,Ambient heat (heat pumps),Latvia,2010,0.0,48907.31,0.0
209,Ambient heat (heat pumps),Latvia,2011,0.0,46884.034999999996,0.0
210,Ambient heat (heat pumps),Latvia,2012,0.0,48865.13,0.0
211,Ambient heat (heat pumps),Latvia,2013,0.0,44496.875,0.0
212,Ambient heat (heat pumps),Latvia,2014,0.0,43334.77,0.0
213,Ambient heat (heat pumps),Latvia,2015,0.0,38271.502,0.0
214,Ambient heat (heat pumps),Latvia,2016,0.0,39688.439,0.0
215,Ambient heat (heat pumps),Latvia,2017,0.0,42082.284,0.0
216,Ambient heat (heat pumps),Latvia,2018,0.0,43424.776,0.0
217,Ambient heat (heat pumps),Latvia,2019,0.0,41867.826,0.0
218,Ambient heat (heat pumps),Latvia,2020,0.0,38584.066000000006,0.0
219,Ambient heat (heat pumps),Latvia,2021,14.04,42070.988,0.00033372166111240363
220,Ambient heat (heat pumps),Latvia,2022,38.507999999999996,38802.081,0.0009924209992757862
221,Ambient heat (heat pumps),Latvia,2023,60.071999999999996,37279.475,0.0016113960832334683
222,Ambient heat (heat pumps),Latvia,2024,65.926,37793.334,0.0017443816944014518
223,Ambient heat (heat pumps),Lithuania,2010,0.0,0.0,
224,Ambient heat (heat pumps),Lithuania,2011,0.0,0.0,
225,Ambient heat (heat pumps),Lithuania,2012,0.0,0.0,
226,Ambient heat (heat pumps),Lithuania,2013,0.0,0.0,
227,Ambient heat (heat pumps),Lithuania,2014,0.0,0.0,
228,Ambient heat (heat pumps),Lithuania,2015,0.0,0.0,
229,Ambient heat (heat pumps),Lithuania,2016,0.0,0.0,
230,Ambient heat (heat pumps),Lithuania,2017,0.0,48423.119,0.0
231,Ambient heat (heat pumps),Lithuania,2018,932.0,50132.575,0.01859070674107604
232,Ambient heat (heat pumps),Lithuania,2019,977.0,47772.089,0.020451272289976685
233,Ambient heat (heat pumps),Lithuania,2020,1162.0,46951.056,0.0247491771005108
234,Ambient heat (heat pumps),Lithuania,2021,2444.0,54328.049,0.04498597032262285
235,Ambient heat (heat pumps),Lithuania,2022,3283.0,51922.636,0.06322868507677461
236,Ambient heat (heat pumps),Lithuania,2023,4269.0,50717.291000000005,0.08417247679888895
237,Ambient heat (heat pumps),Luxembourg,2010,12.549,18831.886000000002,0.000666369794294634
238,Ambient heat (heat pumps),Luxembourg,2011,16.582,17274.035,0.0009599378489160177
239,Ambient heat (heat pumps),Luxembourg,2012,23.605,17472.4,0.0013509878436848972
240,Ambient heat (heat pumps),Luxembourg,2013,30.373,17818.029,0.0017046217625978724
241,Ambient heat (heat pumps),Luxembourg,2014,42.785,16366.76,0.0026141398786320566
242,Ambient heat (heat pumps),Luxembourg,2015,61.323,18288.564,0.0033530790060936444
243,Ambient heat (heat pumps),Luxembourg,2016,80.796,18981.834,0.0042564907057979755
244,Ambient heat (heat pumps),Luxembourg,2017,107.184,19404.227,0.005523744903623319
245,Ambient heat (heat pumps),Luxembourg,2018,136.263,17975.134,0.007580638898157867
246,Ambient heat (heat pumps),Luxembourg,2019,161.344,16378.74,0.009850818805353769
247,Ambient heat (heat pumps),Luxembourg,2020,182.099,18349.742,0.009923790754115236
248,Ambient heat (heat pumps),Luxembourg,2021,204.077,17738.925,0.01150447391823349
249,Ambient heat (heat pumps),Luxembourg,2022,226.487,16697.755,0.01356391922147618
250,Ambient heat (heat pumps),Luxembourg,2023,248.134,16824.292,0.014748555243810555
251,Ambient heat (heat pumps),Netherlands,2010,892.245,439530.22599999997,0.0020299969085630074
252,Ambient heat (heat pumps),Netherlands,2011,1081.871,347679.907,0.0031116868654707734
253,Ambient heat (heat pumps),Netherlands,2012,1240.627,371239.27999999997,0.0033418527263602065
254,Ambient heat (heat pumps),Netherlands,2013,1368.016,394246.733,0.0034699488556066234
255,Ambient heat (heat pumps),Netherlands,2014,1520.482,300227.9,0.0050644260576715215
256,Ambient heat (heat pumps),Netherlands,2015,1690.157,319100.869,0.005296622993527479
257,Ambient heat (heat pumps),Netherlands,2016,2033.0,331775.839,0.006127631252859254
258,Ambient heat (heat pumps),Netherlands,2017,2585.814,323307.893,0.007997992180166167
259,Ambient heat (heat pumps),Netherlands,2018,3338.459,323391.455,0.010323275239291649
260,Ambient heat (heat pumps),Netherlands,2019,4520.296,314997.325,0.014350267895132126
261,Ambient heat (heat pumps),Netherlands,2020,6265.473,305605.056,0.020501863032004287
262,Ambient heat (heat pumps),Netherlands,2021,8201.634,346001.63,0.023704032839382865
263,Ambient heat (heat pumps),Netherlands,2022,11281.335,271520.361,0.04154876252540044
264,Ambient heat (heat pumps),Netherlands,2023,15366.128,254742.946,0.06032013149443597
265,Ambient heat (heat pumps),Netherlands,2024,18238.141,255225.31699999998,0.07145898069351796
266,Ambient heat (heat pumps),Norway,2010,11512.733,162095.646,0.07102431980190263
267,Ambient heat (heat pumps),Norway,2011,13142.041,142568.038,0.09218083649295923
268,Ambient heat (heat pumps),Norway,2012,14325.567,152644.809,0.09384902830203677
269,Ambient heat (heat pumps),Norway,2013,15333.532,148644.25699999998,0.10315589925549563
270,Ambient heat (heat pumps),Norway,2014,16145.614,137059.737,0.11779983205425237
271,Ambient heat (heat pumps),Norway,2015,16987.11,144289.42500000002,0.11772941780036894
272,Ambient heat (heat pumps),Norway,2016,17861.467,149486.434,0.1194855380656147
273,Ambient heat (heat pumps),Norway,2017,18717.739,152090.81900000002,0.12306948652830911
274,Ambient heat (heat pumps),Norway,2018,19867.272,152800.732,0.13002079073809675
275,Ambient heat (heat pumps),Norway,2019,20993.216,149993.42299999998,0.13996091015270717
276,Ambient heat (heat pumps),Norway,2020,21720.312,151153.38400000002,0.1436971599656677
277,Ambient heat (heat pumps),Norway,2021,22997.869,160221.922,0.1435375928145463
278,Ambient heat (heat pumps),Norway,2022,24711.371,148515.999,0.16638861244841371
279,Ambient heat (heat pumps),Norway,2023,26387.602,157078.017,0.16799041969061781
280,Ambient heat (heat pumps),Poland,2010,0.0,0.0,
281,Ambient heat (heat pumps),Poland,2011,0.0,0.0,
282,Ambient heat (heat pumps),Poland,2012,0.0,0.0,
283,Ambient heat (heat pumps),Poland,2013,0.0,0.0,
284,Ambient heat (heat pumps),Poland,2014,0.0,0.0,
285,Ambient heat (heat pumps),Poland,2015,4982.908,683702.929,0.0072881185506812425
286,Ambient heat (heat pumps),Poland,2016,5939.847,685145.974,0.008669462020366479
287,Ambient heat (heat pumps),Poland,2017,7010.398000000001,691666.113,0.010135523294026118
288,Ambient heat (heat pumps),Poland,2018,8249.426,792537.217,0.010408881530165415
289,Ambient heat (heat pumps),Poland,2019,9906.016,725700.1279999999,0.013650288346097689
290,Ambient heat (heat pumps),Poland,2020,11635.517,728016.6719999999,0.015982487005462426
291,Ambient heat (heat pumps),Poland,2021,14478.948,764298.395,0.018944103631147884
292,Ambient heat (heat pumps),Poland,2022,20647.154,695036.415,0.029706578755301617
293,Ambient heat (heat pumps),Poland,2023,24579.648,673816.125,0.03647827216957742
294,Ambient heat (heat pumps),Poland,2024,27132.053,660605.053,0.041071519021517386
295,Ambient heat (heat pumps),Portugal,2010,0.0,50639.448000000004,0.0
296,Ambient heat (heat pumps),Portugal,2011,0.0,46620.435,0.0
297,Ambient heat (heat pumps),Portugal,2012,0.0,45639.71000000001,0.0
298,Ambient heat (heat pumps),Portugal,2013,0.0,45049.403,0.0
299,Ambient heat (heat pumps),Portugal,2014,8844.931,52979.05,0.16695148365250037
300,Ambient heat (heat pumps),Portugal,2015,8931.666,52320.608,0.17071028685293563
301,Ambient heat (heat pumps),Portugal,2016,8984.379,52337.419,0.17166263013466523
302,Ambient heat (heat pumps),Portugal,2017,9281.022,52567.344,0.17655489689568493
303,Ambient heat (heat pumps),Portugal,2018,9658.959,54074.092000000004,0.17862452503132184
304,Ambient heat (heat pumps),Portugal,2019,10125.634,54242.441999999995,0.18667363832918882
305,Ambient heat (heat pumps),Portugal,2020,10681.0,61054.138,0.17494309722299248
306,Ambient heat (heat pumps),Portugal,2021,11219.277,60462.131,0.18555874254580937
307,Ambient heat (heat pumps),Portugal,2022,12642.428,60726.903,0.20818496210814505
308,Ambient heat (heat pumps),Portugal,2023,13024.310000000001,61092.573000000004,0.21318974402993307
309,Ambient heat (heat pumps),Portugal,2024,9999.405,57254.39600000001,0.1746486854913289
310,Ambient heat (heat pumps),Romania,2010,0.0,0.0,
311,Ambient heat (heat pumps),Romania,2011,0.0,0.0,
312,Ambient heat (heat pumps),Romania,2012,0.0,0.0,
313,Ambient heat (heat pumps),Romania,2013,0.0,0.0,
314,Ambient heat (heat pumps),Romania,2014,0.0,0.0,
315,Ambient heat (heat pumps),Romania,2015,0.0,237004.963,0.0
316,Ambient heat (heat pumps),Romania,2016,0.0,239164.83299999998,0.0
317,Ambient heat (heat pumps),Romania,2017,0.0,247041.471,0.0
318,Ambient heat (heat pumps),Romania,2018,0.0,248275.18699999998,0.0
319,Ambient heat (heat pumps),Romania,2019,0.0,246010.31900000002,0.0
320,Ambient heat (heat pumps),Romania,2020,0.0,254009.32499999998,0.0
321,Ambient heat (heat pumps),Romania,2021,133.579,279158.253,0.0004785063617660625
322,Ambient heat (heat pumps),Romania,2022,54.908,248902.68099999998,0.00022060027549482283
323,Ambient heat (heat pumps),Romania,2023,20.307,238032.176,8.53119958034581e-05
324,Ambient heat (heat pumps),Romania,2024,27.278,229919.821,0.00011864135889354228
325,Ambient heat (heat pumps),Slovakia,2010,0.0,0.0,
326,Ambient heat (heat pumps),Slovakia,2011,0.0,0.0,
327,Ambient heat (heat pumps),Slovakia,2012,0.0,0.0,
328,Ambient heat (heat pumps),Slovakia,2013,0.0,0.0,
329,Ambient heat (heat pumps),Slovakia,2014,0.0,0.0,
330,Ambient heat (heat pumps),Slovakia,2015,0.0,68609.249,0.0
331,Ambient heat (heat pumps),Slovakia,2016,0.0,70118.638,0.0
332,Ambient heat (heat pumps),Slovakia,2017,0.0,72711.73,0.0
333,Ambient heat (heat pumps),Slovakia,2018,0.0,69722.66,0.0
334,Ambient heat (heat pumps),Slovakia,2019,1174.7,94461.17,0.012435797693380254
335,Ambient heat (heat pumps),Slovakia,2020,1554.1,98174.60800000001,0.0158299588015671
336,Ambient heat (heat pumps),Slovakia,2021,2147.0,107168.265,0.020033915823868195
337,Ambient heat (heat pumps),Slovakia,2022,3005.2,94102.448,0.03193540724891662
338,Ambient heat (heat pumps),Slovakia,2023,3643.19,81341.345,0.04478890778115361
339,Ambient heat (heat pumps),Slovakia,2024,4287.24,75368.95000000001,0.05688337173331988
340,Ambient heat (heat pumps),Slovenia,2010,367.532,47715.733,0.0077025328312571445
341,Ambient heat (heat pumps),Slovenia,2011,450.048,47121.174,0.00955086560449449
342,Ambient heat (heat pumps),Slovenia,2012,648.887,43168.792,0.015031391195750855
343,Ambient heat (heat pumps),Slovenia,2013,804.569,42534.314,0.01891576292966662
344,Ambient heat (heat pumps),Slovenia,2014,840.1179999999999,35537.112,0.023640581710747906
345,Ambient heat (heat pumps),Slovenia,2015,1158.797,40115.316,0.028886647683393545
346,Ambient heat (heat pumps),Slovenia,2016,1431.788,41032.706999999995,0.03489382262788561
347,Ambient heat (heat pumps),Slovenia,2017,1521.437,39881.059,0.038149363084866925
348,Ambient heat (heat pumps),Slovenia,2018,1558.988,36963.903000000006,0.04217595744691787
349,Ambient heat (heat pumps),Slovenia,2019,1710.522,36098.074,0.047385408983315835
350,Ambient heat (heat pumps),Slovenia,2020,1883.524,36024.42,0.05228464469379382
351,Ambient heat (heat pumps),Slovenia,2021,2164.273,38857.401,0.05569783218388693
352,Ambient heat (heat pumps),Slovenia,2022,2279.985,34568.041,0.06595644225254188
353,Ambient heat (heat pumps),Slovenia,2023,2619.188,33157.67,0.07899191951666086
354,Ambient heat (heat pumps),Slovenia,2024,2949.697,32451.894,0.09089444825624046
355,Ambient heat (heat pumps),Spain,2010,0.0,440922.081,0.0
356,Ambient heat (heat pumps),Spain,2011,0.0,390513.23,0.0
357,Ambient heat (heat pumps),Spain,2012,0.0,388879.062,0.0
358,Ambient heat (heat pumps),Spain,2013,0.0,377939.406,0.0
359,Ambient heat (heat pumps),Spain,2014,3104.0969999999998,377864.19299999997,0.008214848237816489
360,Ambient heat (heat pumps),Spain,2015,3781.254,399475.518,0.009465546271599052
361,Ambient heat (heat pumps),Spain,2016,4487.995,361264.975,0.01242300059672267
362,Ambient heat (heat pumps),Spain,2017,5285.201,359013.422,0.014721457962649651
363,Ambient heat (heat pumps),Spain,2018,6076.987,379883.506,0.015996975135845987
364,Ambient heat (heat pumps),Spain,2019,6791.258,357557.007,0.018993497168410967
365,Ambient heat (heat pumps),Spain,2020,7464.804,361970.119,0.02062270780975708
366,Ambient heat (heat pumps),Spain,2021,8179.889999999999,357503.08400000003,0.022880613807516128
367,Ambient heat (heat pumps),Spain,2022,8860.556,336624.69299999997,0.026321764814799257
368,Ambient heat (heat pumps),Spain,2023,9760.366,323599.985,0.03016182463667296
369,Ambient heat (heat pumps),Spain,2024,10601.902,327544.06200000003,0.0323678650599381
370,Ambient heat (heat pumps),Sweden,2010,0.0,0.0,
371,Ambient heat (heat pumps),Sweden,2011,0.0,0.0,
372,Ambient heat (heat pumps),Sweden,2012,0.0,0.0,
373,Ambient heat (heat pumps),Sweden,2013,0.0,0.0,
374,Ambient heat (heat pumps),Sweden,2014,0.0,0.0,
375,Ambient heat (heat pumps),Sweden,2015,0.0,217107.27899999998,0.0
376,Ambient heat (heat pumps),Sweden,2016,0.0,225672.71500000003,0.0
377,Ambient heat (heat pumps),Sweden,2017,0.0,221088.95400000003,0.0
378,Ambient heat (heat pumps),Sweden,2018,0.0,215960.07799999998,0.0
379,Ambient heat (heat pumps),Sweden,2019,0.0,214541.84900000002,0.0
380,Ambient heat (heat pumps),Sweden,2020,0.0,209761.269,0.0
381,Ambient heat (heat pumps),Sweden,2021,0.0,223346.499,0.0
382,Ambient heat (heat pumps),Sweden,2022,0.0,208850.63400000002,0.0
383,Ambient heat (heat pumps),Sweden,2023,0.0,214675.124,0.0
384,Ambient heat (heat pumps),Sweden,2024,0.0,210038.766,0.0
