year,country,industry_no_construction_va_MioEUR,construction_va_MioEUR,manufacturing_va_MioEUR,industry_va_MioEUR
1995,Austria,40781.3,12952.1,33975.0,87708.4
1996,Austria,40859.3,13306.7,33863.6,88029.6
1997,Austria,41156.1,12983.0,34221.8,88360.9
1998,Austria,42354.5,13570.1,35380.7,91305.29999999999
1999,Austria,44460.3,13944.8,37386.8,95791.90000000001
2000,Austria,46836.9,13936.0,39776.8,100549.70000000001
2001,Austria,48793.6,13595.9,41388.1,103777.6
2002,Austria,48587.2,13690.9,41166.2,103444.29999999999
2003,Austria,49240.0,14615.4,41408.4,105263.8
2004,Austria,51337.5,15087.6,42821.4,109246.5
2005,Austria,53897.9,15293.3,45046.2,114237.4
2006,Austria,57833.0,15540.5,48607.8,121981.3
2007,Austria,61446.6,16913.4,52346.0,130706.0
2008,Austria,62100.5,17901.0,52216.1,132217.6
2009,Austria,57816.4,17409.9,48152.9,123379.20000000001
2010,Austria,59771.9,16797.8,50031.6,126601.29999999999
2011,Austria,62914.4,16768.6,52834.2,132517.2
2012,Austria,64872.6,17471.7,54632.2,136976.5
2013,Austria,65331.9,18080.9,54944.3,138357.1
2014,Austria,66621.2,18500.9,56735.9,141858.0
2015,Austria,68437.2,18846.3,58985.2,146268.7
2016,Austria,72508.3,19653.4,62839.8,155001.5
2017,Austria,73897.5,20873.1,64066.2,158836.8
2018,Austria,76480.4,22084.0,66380.5,164944.9
2019,Austria,78099.4,22949.8,67674.9,168724.09999999998
2020,Austria,73789.8,23778.8,63122.6,160691.2
2021,Austria,79973.3,24531.2,68975.9,173480.4
2022,Austria,89718.1,26422.3,74829.2,190969.6
2023,Austria,96275.1,28395.0,76173.9,200844.0
2024,Austria,93028.0,28435.6,74774.0,196237.6
2025,Austria,94989.6,27997.5,78086.8,201073.90000000002
1995,Belgium,46859.2,10507.1,40386.0,97752.29999999999
1996,Belgium,46746.1,10028.9,39963.4,96738.4
1997,Belgium,48085.3,10148.3,41036.8,99270.40000000001
1998,Belgium,48777.1,10295.2,41950.7,101023.0
1999,Belgium,48776.6,11136.0,41936.4,101849.0
2000,Belgium,52154.1,11796.0,44958.1,108908.2
2001,Belgium,52236.1,12029.4,45044.1,109309.6
2002,Belgium,52973.3,12027.0,45892.2,110892.5
2003,Belgium,52943.6,12369.8,45555.1,110868.5
2004,Belgium,55022.9,13126.9,47758.1,115907.9
2005,Belgium,56344.9,13642.3,49205.9,119193.1
2006,Belgium,56631.9,15356.4,48833.0,120821.3
2007,Belgium,59877.5,16687.5,51750.1,128315.1
2008,Belgium,57930.1,18030.4,49218.5,125179.0
2009,Belgium,53760.7,17486.9,44656.4,115904.0
2010,Belgium,57388.4,17656.0,47688.8,122733.2
2011,Belgium,59709.2,18886.0,49047.3,127642.5
2012,Belgium,58833.3,18736.8,48963.5,126533.6
2013,Belgium,59987.5,18601.1,49975.7,128564.3
2014,Belgium,60613.7,18835.3,50959.1,130408.1
2015,Belgium,61915.5,19017.9,52223.7,133157.09999999998
2016,Belgium,62442.1,19387.0,52480.4,134309.5
2017,Belgium,65238.9,19693.8,55185.7,140118.4
2018,Belgium,66074.4,21064.2,56719.3,143857.9
2019,Belgium,70005.8,22247.6,59514.7,151768.09999999998
2020,Belgium,66815.9,21673.2,55705.8,144194.9
2021,Belgium,66537.3,24533.6,54373.8,145444.7
2022,Belgium,84698.1,27576.0,70348.9,182623.0
2023,Belgium,87490.0,29771.7,72062.6,189324.3
2024,Belgium,86094.5,30118.5,70943.6,187156.6
2025,Belgium,87682.3,31780.9,71721.0,191184.2
1995,Bulgaria,2137.8,459.5,1437.6,4034.9
1996,Bulgaria,1306.5,286.9,881.2,2474.6000000000004
1997,Bulgaria,1936.7,254.9,1297.2,3488.8
1998,Bulgaria,2334.9,525.8,1542.5,4403.2
1999,Bulgaria,2227.7,632.6,1485.9,4346.2
2000,Bulgaria,2627.8,646.8,1728.0,5002.6
2001,Bulgaria,3070.2,744.0,2072.3,5886.5
2002,Bulgaria,3419.2,776.3,2349.6,6545.1
2003,Bulgaria,3769.7,801.9,2609.3,7180.9
2004,Bulgaria,3977.3,902.2,2693.8,7573.3
2005,Bulgaria,4570.5,1255.0,3250.5,9076.0
2006,Bulgaria,5337.2,1616.7,3684.1,10638.0
2007,Bulgaria,6344.8,2180.3,4552.2,13077.3
2008,Bulgaria,6498.4,2809.6,4595.1,13903.1
2009,Bulgaria,6833.2,3107.5,4819.2,14759.900000000001
2010,Bulgaria,6710.8,2384.5,4456.2,13551.5
2011,Bulgaria,8091.6,2290.7,5469.5,15851.8
2012,Bulgaria,8583.4,2142.4,5937.4,16663.199999999997
2013,Bulgaria,8160.7,1725.5,5369.1,15255.300000000001
2014,Bulgaria,8435.4,1651.3,5605.0,15691.699999999999
2015,Bulgaria,9278.6,1726.5,6241.9,17247.0
2016,Bulgaria,10277.9,1646.6,7021.2,18945.7
2017,Bulgaria,10728.6,1866.0,7360.4,19955.0
2018,Bulgaria,10423.6,2030.2,7477.4,19931.2
2019,Bulgaria,10900.4,2294.7,8157.6,21352.699999999997
2020,Bulgaria,10940.3,2571.0,7969.6,21480.9
2021,Bulgaria,12326.9,2477.1,8003.6,22807.6
2022,Bulgaria,18877.4,2903.6,11345.0,33126.0
2023,Bulgaria,17793.3,3666.7,12714.0,34174.0
2024,Bulgaria,17763.0,4376.1,13092.1,35231.2
2025,Bulgaria,19341.9,5265.9,12847.0,37454.8
1995,Czechia,13064.3,3199.1,9902.3,26165.699999999997
1996,Czechia,15454.3,3714.4,11864.2,31032.9
1997,Czechia,15827.5,3732.7,12727.1,32287.300000000003
1998,Czechia,16799.9,3997.2,13659.5,34456.600000000006
1999,Czechia,16858.6,3771.6,13798.2,34428.399999999994
2000,Czechia,18688.2,3762.7,15663.4,38114.3
2001,Czechia,21521.0,4145.7,17889.6,43556.3
2002,Czechia,23944.9,5081.4,19520.3,48546.600000000006
2003,Czechia,23368.6,5287.3,19178.6,47834.5
2004,Czechia,26734.9,5654.7,21918.3,54307.9
2005,Czechia,30376.4,6648.9,24899.5,61924.8
2006,Czechia,35527.2,7167.7,28894.5,71589.4
2007,Czechia,39383.2,8047.0,32166.7,79596.9
2008,Czechia,45116.7,9300.6,35485.8,89903.1
2009,Czechia,39821.1,9420.2,30363.8,79605.1
2010,Czechia,42219.2,10071.0,33015.0,85305.2
2011,Czechia,45896.8,9588.4,36414.0,91899.20000000001
2012,Czechia,44782.1,8622.9,35558.1,88963.1
2013,Czechia,43745.2,8207.0,34921.1,86873.29999999999
2014,Czechia,45261.9,8040.9,37314.0,90616.8
2015,Czechia,48573.1,8579.2,40472.9,97625.20000000001
2016,Czechia,50505.8,8659.1,42567.0,101731.9
2017,Czechia,53966.3,9451.5,45608.9,109026.70000000001
2018,Czechia,56207.4,10502.2,47624.6,114334.20000000001
2019,Czechia,59412.9,11284.0,50760.1,121457.0
2020,Czechia,54323.1,11049.4,45817.6,111190.1
2021,Czechia,57979.4,12174.5,48319.2,118473.09999999999
2022,Czechia,69563.9,14286.7,55659.3,139509.9
2023,Czechia,79389.4,16416.1,65201.7,161007.2
2024,Czechia,77381.1,16307.6,63781.4,157470.1
2025,Czechia,81176.0,18314.6,67314.6,166805.2
1991,Germany,421636.7,83450.5,373781.5,878868.7
1992,Germany,433592.2,100257.7,383471.6,917321.5
1993,Germany,427165.7,109786.5,373602.2,910554.3999999999
1994,Germany,437582.0,118708.1,382952.6,939242.7
1995,Germany,459562.5,121723.4,400936.1,982222.0
1996,Germany,447515.5,112933.8,389788.2,950237.5
1997,Germany,444718.8,105440.3,389660.3,939819.3999999999
1998,Germany,459763.9,100877.1,403478.6,964119.6
1999,Germany,465865.0,100662.0,410120.0,976647.0
2000,Germany,483438.0,96972.0,431981.0,1012391.0
2001,Germany,491554.0,91986.0,441002.0,1024542.0
2002,Germany,485669.0,87922.0,433029.0,1006620.0
2003,Germany,489975.0,84137.0,438145.0,1012257.0
2004,Germany,510829.0,81661.0,453784.0,1046274.0
2005,Germany,518508.0,78899.0,459778.0,1057185.0
2006,Germany,555602.0,81514.0,493457.0,1130573.0
2007,Germany,587119.0,85545.0,521915.0,1194579.0
2008,Germany,586083.0,88250.0,511603.0,1185936.0
2009,Germany,505113.0,89402.0,432427.0,1026942.0
2010,Germany,586538.0,94401.0,508085.0,1189024.0
2011,Germany,621874.0,100001.0,552758.0,1274633.0
2012,Germany,638585.0,104485.0,561180.0,1304250.0
2013,Germany,633977.0,107809.0,566418.0,1308204.0
2014,Germany,663715.0,111828.0,600184.0,1375727.0
2015,Germany,684747.0,113982.0,621665.0,1420394.0
2016,Germany,715533.0,120757.0,652239.0,1488529.0
2017,Germany,738434.0,127357.0,669711.0,1535502.0
2018,Germany,750664.0,137055.0,680125.0,1567844.0
2019,Germany,760058.0,143419.0,683030.0,1586507.0
2020,Germany,716084.0,154717.0,639332.0,1510133.0
2021,Germany,764213.0,162155.0,683907.0,1610275.0
2022,Germany,845760.0,173942.0,730927.0,1750629.0
2023,Germany,943392.0,187208.0,799148.0,1929748.0
2024,Germany,916055.0,193155.0,779505.0,1888715.0
2025,Germany,924672.0,199904.0,787292.0,1911868.0
1995,Denmark,25624.5,5623.5,20816.1,52064.1
1996,Denmark,26634.6,6316.5,20959.0,53910.1
1997,Denmark,28256.9,6117.4,22387.7,56762.0
1998,Denmark,28339.3,6975.0,22977.9,58292.200000000004
1999,Denmark,29935.2,7875.4,23804.9,61615.5
2000,Denmark,33734.8,8390.0,25185.1,67309.9
2001,Denmark,34030.8,8134.3,25849.5,68014.6
2002,Denmark,34607.9,8427.2,26455.7,69490.8
2003,Denmark,33960.7,8968.7,25634.9,68564.29999999999
2004,Denmark,35500.6,9419.1,25880.1,70799.79999999999
2005,Denmark,37308.4,9874.3,25697.4,72880.1
2006,Denmark,40040.8,11212.8,27300.0,78553.6
2007,Denmark,40131.1,11476.5,27980.0,79587.6
2008,Denmark,42233.1,12643.5,28662.3,83538.9
2009,Denmark,35735.0,10361.2,25923.3,72019.5
2010,Denmark,37750.1,9397.3,26477.3,73624.7
2011,Denmark,39207.0,10031.8,27219.2,76458.0
2012,Denmark,40342.9,10137.4,28503.5,78983.8
2013,Denmark,40967.5,10249.3,30624.3,81841.1
2014,Denmark,40893.0,10652.1,31423.1,82968.2
2015,Denmark,41431.3,11821.8,33982.0,87235.1
2016,Denmark,43659.4,13448.4,36525.6,93633.4
2017,Denmark,45728.8,14389.1,38309.0,98426.9
2018,Denmark,47120.9,14815.1,39145.3,101081.3
2019,Denmark,48967.5,14717.2,41352.7,105037.4
2020,Denmark,46375.0,14659.9,40067.0,101101.9
2021,Denmark,50578.0,16002.2,43101.5,109681.7
2022,Denmark,61761.7,16897.2,48804.4,127463.29999999999
2023,Denmark,70371.9,17991.4,61193.4,149556.69999999998
2024,Denmark,77955.1,16777.2,70074.4,164806.7
2025,Denmark,85165.9,16774.2,76891.1,178831.2
1995,Estonia,648.5,169.7,507.4,1325.6
1996,Estonia,801.1,200.2,615.1,1616.4
1997,Estonia,950.5,238.5,752.9,1941.9
1998,Estonia,966.8,312.1,752.2,2031.1000000000001
1999,Estonia,1018.4,270.8,783.3,2072.5
2000,Estonia,1208.5,327.1,954.6,2490.2
2001,Estonia,1404.1,367.9,1121.4,2893.4
2002,Estonia,1558.2,435.8,1225.9,3219.9
2003,Estonia,1768.8,514.6,1377.0,3660.4
2004,Estonia,1882.2,604.4,1458.8,3945.3999999999996
2005,Estonia,2124.3,854.5,1663.7,4642.5
2006,Estonia,2488.9,1167.6,1963.2,5619.7
2007,Estonia,2887.5,1515.2,2274.9,6677.6
2008,Estonia,2923.8,1419.0,2284.1,6626.9
2009,Estonia,2420.5,869.0,1736.8,5026.3
2010,Estonia,2792.7,750.4,2026.8,5569.9
2011,Estonia,3234.8,1008.7,2436.4,6679.9
2012,Estonia,3300.6,1154.4,2509.9,6964.9
2013,Estonia,3565.5,1163.6,2597.4,7326.5
2014,Estonia,3830.3,1079.1,2843.3,7752.7
2015,Estonia,3758.3,1098.5,2869.0,7725.8
2016,Estonia,3925.9,1229.5,3020.0,8175.4
2017,Estonia,4257.0,1379.7,3244.0,8880.7
2018,Estonia,4595.4,1561.8,3493.5,9650.7
2019,Estonia,4660.4,1692.7,3667.3,10020.4
2020,Estonia,4390.3,1675.1,3508.0,9573.4
2021,Estonia,5370.9,1810.2,4098.7,11279.8
2022,Estonia,6318.7,2063.5,4354.6,12736.800000000001
2023,Estonia,5992.1,2194.6,4376.9,12563.6
2024,Estonia,5855.9,2172.7,4317.2,12345.8
2025,Estonia,5993.5,2219.2,4487.3,12700.0
1995,Greece,15222.2,4914.5,11724.5,31861.2
1996,Greece,15839.4,5506.4,12128.2,33474.0
1997,Greece,16006.2,6300.8,12123.6,34430.6
1998,Greece,16049.9,7038.6,12154.8,35243.3
1999,Greece,17705.2,8113.0,13509.2,39327.4
2000,Greece,17721.1,8071.2,13673.3,39465.6
2001,Greece,19441.3,8796.3,15339.7,43577.3
2002,Greece,20950.3,9280.0,16331.8,46562.1
2003,Greece,22674.4,13026.3,17402.3,53103.0
2004,Greece,23820.4,14862.3,18231.3,56914.0
2005,Greece,24613.9,11225.8,18569.1,54408.799999999996
2006,Greece,26031.8,17902.4,19563.8,63498.0
2007,Greece,27239.7,15742.0,20688.3,63670.0
2008,Greece,27579.7,12220.3,21218.2,61018.2
2009,Greece,26431.0,11279.6,19148.2,56858.8
2010,Greece,24937.4,8747.7,17941.2,51626.3
2011,Greece,23423.2,5834.9,16580.6,45838.7
2012,Greece,23273.8,4239.0,15125.5,42638.3
2013,Greece,22378.4,4453.2,13858.1,40689.700000000004
2014,Greece,21902.8,3001.3,13721.7,38625.8
2015,Greece,22121.8,3201.7,14544.6,39868.1
2016,Greece,22074.4,2881.0,14143.8,39099.2
2017,Greece,22093.6,1930.4,14221.7,38245.7
2018,Greece,22378.7,2330.2,14777.6,39486.5
2019,Greece,22382.2,2458.0,14517.4,39357.6
2020,Greece,21576.3,2374.4,14119.0,38069.7
2021,Greece,24238.1,3025.8,15994.5,43258.399999999994
2022,Greece,30714.7,3897.4,20123.4,54735.5
2023,Greece,28922.0,4438.8,20104.7,53465.5
2024,Greece,30932.8,4574.0,21462.2,56969.0
2025,Greece,32526.0,5274.3,22540.8,60341.100000000006
1995,Spain,92925.0,40334.8,76518.2,209778.0
1996,Spain,100235.8,42051.0,82857.9,225144.69999999998
1997,Spain,103668.1,42598.8,86842.6,233109.50000000003
1998,Spain,107833.7,46339.7,91666.2,245839.59999999998
1999,Spain,113812.0,52407.0,97146.0,263365.0
2000,Spain,121835.0,59618.0,105341.0,286794.0
2001,Spain,128638.0,67550.0,110960.0,307148.0
2002,Spain,133154.0,75008.0,113885.0,322047.0
2003,Spain,138200.0,81851.0,117206.0,337257.0
2004,Spain,143100.0,88836.0,120560.0,352496.0
2005,Spain,150913.0,100903.0,125316.0,377132.0
2006,Spain,158752.0,111572.0,131369.0,401693.0
2007,Spain,166575.0,116462.0,135843.0,418880.0
2008,Spain,172743.0,118569.0,137888.0,429200.0
2009,Spain,155881.0,110029.0,121547.0,387457.0
2010,Spain,157907.0,89685.0,119716.0,367308.0
2011,Spain,158350.0,75556.0,119709.0,353615.0
2012,Spain,151066.0,64407.0,112007.0,327480.0
2013,Spain,149884.0,55533.0,111450.0,316867.0
2014,Spain,151045.0,55390.0,114259.0,320694.0
2015,Spain,157662.0,58924.0,119732.0,336318.0
2016,Spain,160533.0,61744.0,122996.0,345273.0
2017,Spain,168657.0,64233.0,130043.0,362933.0
2018,Spain,172142.0,67144.0,130788.0,370074.0
2019,Spain,176691.0,73774.0,134106.0,384571.0
2020,Spain,163491.0,63700.0,122556.0,349747.0
2021,Spain,185462.0,65544.0,139066.0,390072.0
2022,Spain,218941.0,73065.0,151730.0,443736.0
2023,Spain,220097.0,78819.0,164020.0,462936.0
2024,Spain,227314.0,82843.0,172896.0,483053.0
2025,Spain,240086.0,90183.0,178780.0,509049.0
1990,Finland,24453.0,8101.2,21733.0,54287.2
1991,Finland,20482.7,6903.7,17723.9,45110.3
1992,Finland,18274.3,4519.4,15716.6,38510.299999999996
1993,Finland,17278.0,3238.2,15093.7,35609.9
1994,Finland,20905.4,3690.9,18295.0,42891.3
1995,Finland,25942.9,4327.6,22820.3,53090.8
1996,Finland,25282.9,4752.0,22279.5,52314.4
1997,Finland,27317.0,5203.0,24264.6,56784.6
1998,Finland,30594.7,5959.1,27431.3,63985.100000000006
1999,Finland,32026.0,6602.0,28971.0,67599.0
2000,Finland,35758.0,7344.0,32951.0,76053.0
2001,Finland,37293.0,7464.0,34135.0,78892.0
2002,Finland,37455.0,7254.0,33955.0,78664.0
2003,Finland,37158.0,7652.0,33305.0,78115.0
2004,Finland,38303.0,8329.0,34201.0,80833.0
2005,Finland,38918.0,9256.0,34939.0,83113.0
2006,Finland,42382.0,9904.0,37710.0,89996.0
2007,Finland,46335.0,11040.0,41399.0,98774.0
2008,Finland,45607.0,11824.0,40386.0,97817.0
2009,Finland,35904.0,10733.0,30295.0,76932.0
2010,Finland,38543.0,10724.0,32059.0,81326.0
2011,Finland,38423.0,11068.0,32327.0,81818.0
2012,Finland,35400.0,11406.0,29246.0,76052.0
2013,Finland,36084.0,11327.0,29799.0,77210.0
2014,Finland,36389.0,11085.0,30060.0,77534.0
2015,Finland,37511.0,11472.0,31195.0,80178.0
2016,Finland,38109.0,12534.0,31813.0,82456.0
2017,Finland,41350.0,13637.0,34547.0,89534.0
2018,Finland,41368.0,14546.0,34299.0,90213.0
2019,Finland,42628.0,14966.0,35091.0,92685.0
2020,Finland,41902.0,15368.0,34331.0,91601.0
2021,Finland,45358.0,14924.0,37166.0,97448.0
2022,Finland,51804.0,15211.0,41930.0,108945.0
2023,Finland,49176.0,14921.0,39520.0,103617.0
2024,Finland,49120.0,13756.0,39277.0,102153.0
2025,Finland,49881.0,13314.0,39955.0,103150.0
1990,France,185090.3,55195.2,158728.6,399014.1
1991,France,189133.4,56402.6,160326.9,405862.9
1992,France,196472.1,59411.1,165544.0,421427.2
1993,France,198842.1,57475.0,166857.5,423174.6
1994,France,201223.0,55896.8,169351.5,426471.3
1995,France,212390.8,57252.8,179430.3,449073.89999999997
1996,France,214549.4,55543.1,179927.2,450019.7
1997,France,218486.1,54434.8,185850.8,458771.7
1998,France,228927.3,55177.8,194075.3,478180.39999999997
1999,France,234624.3,58513.8,199674.5,492812.6
2000,France,248027.8,63307.0,212007.3,523342.1
2001,France,250224.2,67480.1,213133.6,530837.9
2002,France,250956.1,70456.8,212440.2,533853.1000000001
2003,France,249192.1,74025.8,210775.2,533993.1000000001
2004,France,254019.4,79582.8,213153.6,546755.8
2005,France,256194.7,84853.7,214005.1,555053.5
2006,France,257992.8,93099.9,214859.0,565951.7
2007,France,262828.7,103408.5,224404.6,590641.8
2008,France,258567.5,112239.5,220252.7,591059.7
2009,France,240670.0,108165.0,203682.8,552517.8
2010,France,243522.2,107679.0,205147.3,556348.5
2011,France,253149.2,111437.5,212674.5,577261.2
2012,France,255535.4,109255.6,213988.4,578779.4
2013,France,260450.4,112095.3,217407.1,589952.8
2014,France,262884.0,110608.2,219282.3,592774.5
2015,France,271001.1,108442.2,227182.7,606626.0
2016,France,269947.6,108197.5,226869.6,605014.7
2017,France,270903.6,112914.0,229398.4,613216.0
2018,France,277731.2,116209.9,232856.0,626797.1
2019,France,288093.1,123120.2,241054.8,652268.1
2020,France,261238.0,116007.0,214340.1,591585.1
2021,France,277505.6,125991.1,228132.6,631629.2999999999
2022,France,287583.6,130929.3,246857.9,665370.7999999999
2023,France,368255.6,143658.9,276116.5,788031.0
2024,France,356525.9,145993.2,279331.5,781850.6000000001
2025,France,352842.9,146958.1,282602.7,782403.7
1995,Croatia,3797.8,851.7,3217.3,7866.8
1996,Croatia,3794.7,1095.0,3156.7,8046.4
1997,Croatia,4328.1,1329.1,3577.8,9235.0
1998,Croatia,4401.7,1312.0,3665.8,9379.5
1999,Croatia,4320.3,1007.5,3541.8,8869.6
2000,Croatia,4769.5,949.8,3940.7,9660.0
2001,Croatia,5006.5,1167.4,4242.1,10416.0
2002,Croatia,5296.1,1294.0,4377.6,10967.7
2003,Croatia,5560.0,1679.5,4603.5,11843.0
2004,Croatia,6269.0,1894.0,5075.0,13238.0
2005,Croatia,6536.6,2220.4,5262.5,14019.5
2006,Croatia,6975.4,2532.3,5593.8,15101.5
2007,Croatia,7388.2,2803.1,6149.5,16340.8
2008,Croatia,7873.1,3177.5,6533.7,17584.3
2009,Croatia,7585.9,2820.6,6075.7,16482.2
2010,Croatia,7703.6,2122.2,5957.5,15783.3
2011,Croatia,7897.5,1942.7,6252.0,16092.2
2012,Croatia,7812.8,1627.2,6064.2,15504.2
2013,Croatia,7563.3,1623.9,5649.1,14836.300000000001
2014,Croatia,7553.2,1592.0,5637.9,14783.1
2015,Croatia,7602.8,1663.1,5794.1,15060.0
2016,Croatia,7858.8,1787.7,6125.5,15772.0
2017,Croatia,8027.7,1898.8,6406.1,16332.6
2018,Croatia,8060.6,2169.9,6522.7,16753.2
2019,Croatia,8413.1,2504.2,6688.9,17606.199999999997
2020,Croatia,7631.8,2560.7,6165.4,16357.9
2021,Croatia,8534.3,2901.7,6807.1,18243.1
2022,Croatia,10218.9,3347.4,8299.1,21865.4
2023,Croatia,11893.8,4857.6,9680.3,26431.7
2024,Croatia,11033.9,5452.7,9000.9,25487.5
2025,Croatia,11468.4,6151.5,9431.2,27051.100000000002
1995,Hungary,7654.2,1498.2,6450.3,15602.7
1996,Hungary,7902.1,1438.8,6641.0,15981.9
1997,Hungary,9852.5,1746.8,8236.7,19836.0
1998,Hungary,10379.8,1815.5,8672.3,20867.6
1999,Hungary,10706.2,1962.4,8902.5,21571.1
2000,Hungary,11641.7,2217.1,9789.6,23648.4
2001,Hungary,13480.3,2805.4,11506.7,27792.4
2002,Hungary,15633.5,3601.7,13315.8,32551.0
2003,Hungary,16381.5,3523.1,14013.4,33918.0
2004,Hungary,18690.2,3833.0,15900.0,38423.2
2005,Hungary,20250.3,4509.7,17321.2,42081.2
2006,Hungary,20785.9,4263.0,18139.1,43188.0
2007,Hungary,23020.0,4324.6,19513.9,46858.5
2008,Hungary,23372.9,4535.7,19786.5,47695.100000000006
2009,Hungary,19843.8,3889.8,16204.1,39937.7
2010,Hungary,21610.6,3505.8,18056.1,43172.5
2011,Hungary,22132.6,3502.7,18826.2,44461.5
2012,Hungary,21804.3,3240.6,18490.0,43534.899999999994
2013,Hungary,22117.9,3492.2,19120.9,44731.0
2014,Hungary,23553.7,3761.1,20654.0,47968.8
2015,Hungary,25777.9,4006.2,22805.2,52589.3
2016,Hungary,26141.2,3530.2,22802.8,52474.2
2017,Hungary,27416.1,4591.5,24303.8,56311.399999999994
2018,Hungary,28267.5,5836.2,25134.6,59238.299999999996
2019,Hungary,29110.8,7192.7,25534.1,61837.6
2020,Hungary,27150.9,6698.0,24003.0,57851.9
2021,Hungary,28982.2,8052.4,25612.2,62646.8
2022,Hungary,31663.6,9150.7,28277.2,69091.5
2023,Hungary,39636.6,10443.1,33825.8,83905.5
2024,Hungary,38486.0,10547.7,32693.2,81726.9
2025,Hungary,38902.1,11367.5,33139.8,83409.4
1995,Ireland,12479.8,2822.9,10939.6,26242.3
1996,Ireland,13728.9,3162.4,12202.7,29094.0
1997,Ireland,17750.0,3963.0,15932.7,37645.7
1998,Ireland,20603.5,4604.5,18727.1,43935.1
1999,Ireland,23526.4,5582.9,21835.0,50944.3
2000,Ireland,27246.4,6931.0,25083.2,59260.600000000006
2001,Ireland,33530.4,8081.4,30827.4,72439.20000000001
2002,Ireland,39070.6,8671.8,36372.8,84115.2
2003,Ireland,37028.5,9933.1,34004.7,80966.29999999999
2004,Ireland,36128.0,11947.1,33013.6,81088.7
2005,Ireland,36528.2,14622.0,33366.6,84516.79999999999
2006,Ireland,38258.5,17365.0,34344.6,89968.1
2007,Ireland,40155.1,16062.1,35418.8,91636.0
2008,Ireland,37504.9,11049.2,32885.1,81439.20000000001
2009,Ireland,39246.5,4170.5,34562.8,77979.8
2010,Ireland,36726.0,2342.3,32629.4,71697.70000000001
2011,Ireland,40001.7,2069.9,35658.6,77730.2
2012,Ireland,39464.8,3037.4,34627.5,77129.70000000001
2013,Ireland,39791.2,3813.6,34891.9,78496.7
2014,Ireland,44210.2,4792.8,39289.2,88292.2
2015,Ireland,99355.2,5310.8,95003.1,199669.1
2016,Ireland,94580.2,6188.5,90028.1,190796.8
2017,Ireland,103795.7,8000.3,99168.5,210964.5
2018,Ireland,114847.3,8645.3,109857.4,233350.0
2019,Ireland,121056.8,9461.0,116147.3,246665.1
2020,Ireland,133228.2,8699.9,128318.9,270247.0
2021,Ireland,160488.5,10129.7,153880.8,324499.0
2022,Ireland,199983.8,12242.5,193176.3,405402.6
2023,Ireland,164863.5,13563.7,156393.1,334820.30000000005
2024,Ireland,174970.2,14312.0,166390.1,355672.30000000005
2025,Ireland,225172.7,15968.3,216674.1,457815.1
1995,Italy,193565.9,42516.4,172737.2,408819.5
1996,Italy,218650.3,48490.1,195143.8,462284.19999999995
1997,Italy,229653.1,49491.4,204723.3,483867.8
1998,Italy,236709.0,48901.8,210784.6,496395.4
1999,Italy,238294.3,50024.6,211684.1,500003.0
2000,Italy,246194.3,53815.3,219982.9,519992.5
2001,Italy,252455.7,59583.7,225044.5,537083.9
2002,Italy,257286.7,64146.1,228127.8,549560.6
2003,Italy,254749.9,69102.0,225779.8,549631.7
2004,Italy,261411.5,74592.3,231337.8,567341.6
2005,Italy,264148.6,79023.4,232700.6,575872.6
2006,Italy,276081.8,82747.9,242915.1,601744.7999999999
2007,Italy,293101.7,86465.4,258795.9,638363.0
2008,Italy,292730.0,88805.8,254456.4,635992.2
2009,Italy,254476.5,84270.4,216351.0,555097.9
2010,Italy,265448.2,80291.7,229150.8,574890.7
2011,Italy,270502.4,81533.5,234216.9,586252.8
2012,Italy,264048.9,75509.6,224658.0,564216.5
2013,Italy,263541.9,70440.3,223074.9,557057.1
2014,Italy,265877.4,64357.2,226342.7,556577.3
2015,Italy,274001.5,63469.7,237222.4,574693.6
2016,Italy,287784.7,64483.8,249997.8,602266.3
2017,Italy,297225.4,65500.3,258477.6,621203.3
2018,Italy,306498.3,66588.9,265738.5,638825.7
2019,Italy,309885.1,69190.8,267061.1,646137.0
2020,Italy,284141.8,65962.9,241771.9,591876.6
2021,Italy,330290.1,85329.4,283106.8,698726.3
2022,Italy,362965.3,102168.9,307348.6,772482.7999999999
2023,Italy,390458.7,116675.7,331429.4,838563.8
2024,Italy,389541.7,110868.6,332148.8,832559.1000000001
2025,Italy,396829.9,114397.3,338743.2,849970.4
1995,Lithuania,1138.6,324.3,877.2,2340.1
1996,Lithuania,1406.7,403.5,1087.9,2898.1000000000004
1997,Lithuania,1837.9,590.5,1451.2,3879.6000000000004
1998,Lithuania,2024.2,732.1,1596.4,4352.700000000001
1999,Lithuania,2042.8,686.4,1582.5,4311.7
2000,Lithuania,2649.1,664.5,2121.7,5435.299999999999
2001,Lithuania,3001.6,724.3,2382.8,6108.7
2002,Lithuania,3154.5,852.1,2495.1,6501.7
2003,Lithuania,3625.1,1037.6,2803.1,7465.799999999999
2004,Lithuania,4211.7,1195.5,3340.4,8747.6
2005,Lithuania,4757.2,1480.6,3851.3,10089.099999999999
2006,Lithuania,5185.2,2055.6,4248.3,11489.099999999999
2007,Lithuania,5691.4,2915.8,4630.0,13237.2
2008,Lithuania,6258.1,3285.6,5133.1,14676.800000000001
2009,Lithuania,5148.0,1601.0,4065.3,10814.3
2010,Lithuania,5784.7,1466.3,4677.3,11928.3
2011,Lithuania,6923.7,1884.7,5683.9,14492.3
2012,Lithuania,7512.4,1861.5,6205.8,15579.7
2013,Lithuania,7514.6,2119.1,6160.1,15793.800000000001
2014,Lithuania,7630.5,2464.7,6336.2,16431.4
2015,Lithuania,7580.5,2514.9,6454.8,16550.2
2016,Lithuania,7724.7,2367.7,6524.7,16617.1
2017,Lithuania,8341.9,2531.3,7064.9,17938.1
2018,Lithuania,8870.6,2882.2,7588.4,19341.199999999997
2019,Lithuania,9198.9,3237.2,7879.6,20315.699999999997
2020,Lithuania,9182.5,3277.0,7771.2,20230.7
2021,Lithuania,10507.6,3582.3,9022.2,23112.100000000002
2022,Lithuania,12895.8,4191.5,10845.4,27932.699999999997
2023,Lithuania,13262.8,4943.8,11089.0,29295.6
2024,Lithuania,12723.4,5398.9,10727.8,28850.1
2025,Lithuania,13038.0,5622.4,11066.3,29726.7
1995,Luxembourg,2183.5,950.4,1888.3,5022.2
1996,Luxembourg,2108.0,953.7,1801.1,4862.799999999999
1997,Luxembourg,2196.9,990.0,1888.4,5075.3
1998,Luxembourg,2306.9,1081.1,1987.5,5375.5
1999,Luxembourg,2363.2,1182.0,2014.5,5559.7
2000,Luxembourg,2571.2,1257.0,2216.4,6044.6
2001,Luxembourg,2557.5,1338.2,2180.5,6076.2
2002,Luxembourg,2582.8,1446.0,2180.5,6209.3
2003,Luxembourg,2769.6,1487.4,2318.5,6575.5
2004,Luxembourg,2804.2,1548.0,2338.3,6690.5
2005,Luxembourg,2856.5,1524.0,2371.6,6752.1
2006,Luxembourg,2946.2,1674.5,2420.3,7041.0
2007,Luxembourg,3528.3,1920.8,2998.6,8447.7
2008,Luxembourg,3169.1,1954.2,2674.3,7797.6
2009,Luxembourg,2381.1,1917.1,1816.8,6115.0
2010,Luxembourg,2656.6,2006.8,2105.8,6769.2
2011,Luxembourg,2700.7,2045.7,2158.4,6904.799999999999
2012,Luxembourg,2652.4,2198.8,2120.0,6971.200000000001
2013,Luxembourg,2837.1,2289.8,2236.0,7362.9
2014,Luxembourg,3121.7,2477.4,2448.8,8047.900000000001
2015,Luxembourg,3663.2,2584.5,2966.8,9214.5
2016,Luxembourg,4001.3,2797.6,3257.2,10056.099999999999
2017,Luxembourg,3486.6,2806.3,2778.1,9071.0
2018,Luxembourg,3705.6,2898.9,2985.1,9589.6
2019,Luxembourg,3912.3,3328.1,3147.5,10387.9
2020,Luxembourg,3988.9,3327.1,3177.3,10493.3
2021,Luxembourg,4233.4,3503.0,3392.8,11129.2
2022,Luxembourg,3830.0,3163.2,3002.0,9995.2
2023,Luxembourg,4253.6,3371.8,3326.8,10952.2
2024,Luxembourg,4476.1,3848.8,3415.3,11740.2
2025,Luxembourg,4109.0,3837.0,3333.0,11279.0
1995,Latvia,932.6,171.4,728.9,1832.9
1996,Latvia,1057.7,188.1,803.3,2049.1
1997,Latvia,1360.6,242.2,1048.0,2650.8
1998,Latvia,1283.7,361.6,947.2,2592.5
1999,Latvia,1294.8,442.5,954.6,2691.9
2000,Latvia,1500.1,538.9,1174.6,3213.6
2001,Latvia,1615.3,519.6,1275.3,3410.2
2002,Latvia,1721.7,577.0,1377.2,3675.8999999999996
2003,Latvia,1654.6,579.5,1297.6,3531.7
2004,Latvia,1824.2,684.5,1436.7,3945.3999999999996
2005,Latvia,1956.0,826.9,1572.5,4355.4
2006,Latvia,2290.1,1308.0,1833.2,5431.3
2007,Latvia,2870.1,2042.6,2283.8,7196.5
2008,Latvia,3096.8,2238.6,2356.9,7692.299999999999
2009,Latvia,2633.5,1328.1,1841.4,5803.0
2010,Latvia,2894.5,771.3,2133.6,5799.4
2011,Latvia,3094.5,980.0,2314.8,6389.3
2012,Latvia,3377.8,1177.5,2512.7,7068.0
2013,Latvia,3334.6,1245.4,2531.3,7111.3
2014,Latvia,3175.7,1295.5,2484.1,6955.299999999999
2015,Latvia,3388.3,1309.1,2575.3,7272.7
2016,Latvia,3517.7,1177.5,2581.9,7277.1
2017,Latvia,3765.7,1379.6,2829.3,7974.599999999999
2018,Latvia,3836.6,1609.8,3080.3,8526.7
2019,Latvia,4061.4,1733.4,3259.0,9053.8
2020,Latvia,4261.6,1681.0,3355.7,9298.3
2021,Latvia,5256.9,1552.4,4147.9,10957.199999999999
2022,Latvia,5615.5,1812.0,4325.3,11752.8
2023,Latvia,5837.8,2128.4,4305.3,12271.5
2024,Latvia,5432.5,2105.8,4044.7,11583.0
2025,Latvia,5665.5,2373.7,4297.4,12336.599999999999
1995,Netherlands,64676.6,16205.6,50661.2,131543.4
1996,Netherlands,65398.6,16284.8,49706.0,131389.4
1997,Netherlands,64841.2,16367.3,49889.4,131097.9
1998,Netherlands,67546.0,17454.6,52896.0,137896.6
1999,Netherlands,68411.0,19803.0,54504.0,142718.0
2000,Netherlands,73929.0,21482.0,57479.0,152890.0
2001,Netherlands,79279.0,23523.0,60442.0,163244.0
2002,Netherlands,78381.0,24770.0,59889.0,163040.0
2003,Netherlands,78313.0,24837.0,58978.0,162128.0
2004,Netherlands,80958.0,25118.0,61334.0,167410.0
2005,Netherlands,85690.0,26482.0,64117.0,176289.0
2006,Netherlands,91957.0,28306.0,66057.0,186320.0
2007,Netherlands,96428.0,30813.0,70622.0,197863.0
2008,Netherlands,102260.0,33104.0,70346.0,205710.0
2009,Netherlands,90014.0,33394.0,61992.0,185400.0
2010,Netherlands,91890.0,29984.0,62837.0,184711.0
2011,Netherlands,97062.0,29686.0,66266.0,193014.0
2012,Netherlands,100005.0,27183.0,66223.0,193411.0
2013,Netherlands,98777.0,25598.0,64215.0,188590.0
2014,Netherlands,94166.0,25828.0,65571.0,185565.0
2015,Netherlands,95632.0,26128.0,70958.0,192718.0
2016,Netherlands,93991.0,28180.0,73940.0,196111.0
2017,Netherlands,98589.0,29966.0,79216.0,207771.0
2018,Netherlands,103759.0,32629.0,83919.0,220307.0
2019,Netherlands,105749.0,36247.0,86468.0,228464.0
2020,Netherlands,103231.0,38666.0,85598.0,227495.0
2021,Netherlands,116527.0,41332.0,95886.0,253745.0
2022,Netherlands,141430.0,43981.0,102836.0,288247.0
2023,Netherlands,142262.0,48484.0,109965.0,300711.0
2024,Netherlands,143393.0,53301.0,113012.0,309706.0
2025,Netherlands,150803.0,57704.0,118909.0,327416.0
1990,Norway,24205.7,3653.0,9728.5,37587.2
1991,Norway,24842.5,3152.8,9811.9,37807.2
1992,Norway,25093.4,3238.5,10098.0,38429.9
1993,Norway,25550.8,2857.2,10497.1,38905.1
1994,Norway,26434.4,3459.1,11102.1,40995.6
1995,Norway,29381.1,4088.2,12550.4,46019.7
1996,Norway,35347.6,4500.5,12949.4,52797.5
1997,Norway,39483.6,5314.0,14274.3,59071.899999999994
1998,Norway,32315.9,5665.1,14485.6,52466.6
1999,Norway,39322.7,5798.9,15421.3,60542.899999999994
2000,Norway,62057.1,6396.6,16694.4,85148.1
2001,Norway,62266.4,7007.4,17594.1,86867.9
2002,Norway,61889.6,8190.9,18788.2,88868.7
2003,Norway,60603.8,8125.1,18293.6,87022.5
2004,Norway,66972.9,8872.1,18565.5,94410.5
2005,Norway,85546.1,10437.0,20710.8,116693.90000000001
2006,Norway,98903.7,12176.4,23278.4,134358.5
2007,Norway,96844.9,14422.3,24901.8,136169.0
2008,Norway,115774.8,14990.8,25242.4,156008.0
2009,Norway,84278.7,13817.1,21240.5,119336.3
2010,Norway,100363.1,15315.5,24082.8,139761.4
2011,Norway,119281.4,17211.9,24996.0,161489.3
2012,Norway,130228.5,20246.0,27144.0,177618.5
2013,Norway,124407.4,20129.9,26908.9,171446.19999999998
2014,Norway,112229.4,19822.1,26346.8,158398.3
2015,Norway,91994.1,19391.8,24801.2,136187.1
2016,Norway,76877.3,19354.3,22659.0,118890.6
2017,Norway,88825.7,20528.8,23481.1,132835.6
2018,Norway,101509.2,20955.5,23156.2,145620.9
2019,Norway,88125.2,21491.2,23287.5,132903.9
2020,Norway,67700.8,19699.7,21608.6,109009.1
2021,Norway,140516.1,21960.5,24307.6,186784.2
2022,Norway,256563.2,24644.9,28079.6,309287.7
2023,Norway,153952.9,21960.4,26192.7,202106.0
2024,Norway,144886.8,21592.6,26695.2,193174.6
2025,Norway,140292.9,21962.3,28797.0,191052.19999999998
1995,Poland,28534.9,8330.5,21087.2,57952.600000000006
1996,Poland,31209.4,9868.8,23123.6,64201.799999999996
1997,Poland,33304.3,11392.5,24818.5,69515.3
1998,Poland,35348.4,13535.3,26870.2,75753.9
1999,Poland,35495.3,13343.2,26804.2,75642.7
2000,Poland,39922.7,14034.0,29864.8,83821.5
2001,Poland,42746.4,15744.7,30800.6,89291.70000000001
2002,Poland,41990.2,14309.9,29861.3,86161.4
2003,Poland,41104.0,12047.5,29737.0,82888.5
2004,Poland,46641.6,13790.8,34356.1,94788.5
2005,Poland,55010.7,16736.8,40404.7,112152.2
2006,Poland,61234.1,19222.0,45549.2,126005.3
2007,Poland,69473.5,22555.7,52286.1,144315.3
2008,Poland,79939.4,25938.6,60652.9,166530.9
2009,Poland,70567.3,24672.8,53010.9,148251.0
2010,Poland,80199.5,26976.0,58355.6,165531.1
2011,Poland,84285.1,31073.1,61253.7,176611.90000000002
2012,Poland,88456.5,28726.1,64182.9,181365.5
2013,Poland,84595.6,27294.8,60704.5,172594.90000000002
2014,Poland,92115.8,30233.5,69105.9,191455.2
2015,Poland,100191.4,33852.9,76417.4,210461.69999999998
2016,Poland,100941.3,30236.5,78155.5,209333.3
2017,Poland,103703.3,31431.8,79206.7,214341.8
2018,Poland,108268.0,37179.6,83076.9,228524.5
2019,Poland,115705.3,39530.4,89709.4,244945.1
2020,Poland,114065.5,37861.4,86200.5,238127.4
2021,Poland,130515.2,35558.6,100862.8,266936.6
2022,Poland,154450.0,38647.5,116801.0,309898.5
2023,Poland,174179.0,46816.6,131271.2,352266.80000000005
2024,Poland,173332.2,53585.2,131240.9,358158.30000000005
2025,Poland,175373.0,57231.2,132920.3,365524.5
1995,Portugal,17361.2,5223.9,14506.6,37091.7
1996,Portugal,18990.4,5590.9,16016.8,40598.100000000006
1997,Portugal,20148.0,6417.9,17075.5,43641.4
1998,Portugal,21026.2,7017.2,17707.3,45750.7
1999,Portugal,22126.4,7616.7,18694.0,48437.100000000006
2000,Portugal,22809.4,8602.8,19325.5,50737.7
2001,Portugal,23554.8,9226.6,19928.9,52710.3
2002,Portugal,24016.5,9479.4,20235.1,53731.0
2003,Portugal,23896.9,9157.8,19684.6,52739.299999999996
2004,Portugal,24390.4,9465.0,19872.5,53727.9
2005,Portugal,24365.5,9538.3,19925.0,53828.8
2006,Portugal,25478.1,9682.1,20521.9,55682.1
2007,Portugal,26829.4,10291.2,21485.5,58606.100000000006
2008,Portugal,25983.6,10528.8,21316.2,57828.59999999999
2009,Portugal,25064.8,9767.9,19529.4,54362.1
2010,Portugal,26607.6,9244.9,20837.1,56689.6
2011,Portugal,25601.4,8484.3,19974.7,54060.399999999994
2012,Portugal,24994.7,7173.9,19171.8,51340.399999999994
2013,Portugal,25455.8,6773.0,19739.0,51967.8
2014,Portugal,26575.2,6304.4,20507.9,53387.5
2015,Portugal,28751.8,6398.1,21978.0,57127.9
2016,Portugal,29723.9,6523.8,22819.6,59067.3
2017,Portugal,30714.0,6920.3,24303.6,61937.9
2018,Portugal,32191.6,7541.1,25260.1,64992.799999999996
2019,Portugal,32357.0,8151.7,25605.3,66114.0
2020,Portugal,30637.1,8352.2,24304.9,63294.200000000004
2021,Portugal,33115.4,8695.7,26938.2,68749.3
2022,Portugal,34847.8,10048.2,30402.6,75298.6
2023,Portugal,39040.5,11547.6,32661.2,83249.3
2024,Portugal,41382.2,12779.3,34043.5,88205.0
2025,Portugal,42258.5,13740.9,34653.1,90652.5
1995,Romania,8598.4,1805.4,6824.6,17228.4
1996,Romania,9078.5,1895.5,7421.7,18395.7
1997,Romania,9497.2,1825.9,7530.1,18853.2
1998,Romania,9901.7,2037.3,7928.5,19867.5
1999,Romania,8492.8,1757.5,6536.2,16786.5
2000,Romania,10166.4,2119.0,8043.0,20328.4
2001,Romania,12026.6,2571.6,9941.0,24539.2
2002,Romania,13224.0,3004.8,10620.2,26849.0
2003,Romania,13153.4,3226.1,10757.2,27136.7
2004,Romania,15375.4,3853.5,12830.6,32059.5
2005,Romania,20000.9,5561.4,16849.3,42411.600000000006
2006,Romania,24313.5,7746.5,20517.7,52577.7
2007,Romania,31530.2,12224.8,26838.5,70593.5
2008,Romania,37263.3,16644.2,32169.8,86077.3
2009,Romania,32229.1,13379.9,26303.6,71912.6
2010,Romania,38910.1,10240.2,29970.0,79120.3
2011,Romania,46578.4,9123.6,35895.4,91597.4
2012,Romania,37443.4,10517.0,29642.4,77602.8
2013,Romania,36022.6,9820.7,28894.9,74738.20000000001
2014,Romania,39429.8,9597.4,32383.7,81410.90000000001
2015,Romania,39895.2,9492.7,32391.2,81779.09999999999
2016,Romania,40352.2,10100.3,33707.6,84160.1
2017,Romania,44160.9,10105.7,36964.4,91231.0
2018,Romania,47381.5,12225.1,39051.5,98658.1
2019,Romania,47877.5,14154.6,38509.9,100542.0
2020,Romania,44262.9,14262.6,34990.8,93516.3
2021,Romania,47675.3,15475.1,37860.1,101010.5
2022,Romania,58352.5,19139.8,38811.1,116303.4
2023,Romania,61243.0,25863.5,44620.6,131727.1
2024,Romania,61228.4,28079.8,46665.9,135974.1
2025,Romania,63524.7,32798.8,44939.3,141262.8
1993,Sweden,35453.3,7750.6,29207.0,72410.9
1994,Sweden,40125.0,7547.9,33760.5,81433.4
1995,Sweden,46563.9,7695.1,39904.8,94163.8
1996,Sweden,51109.1,8589.0,43895.0,103593.1
1997,Sweden,53058.1,8399.5,45675.4,107133.0
1998,Sweden,54222.5,8673.4,47353.8,110249.70000000001
1999,Sweden,56675.4,9376.4,49975.4,116027.20000000001
2000,Sweden,63782.9,10372.8,56640.2,130795.9
2001,Sweden,58924.4,10575.1,51337.4,120836.9
2002,Sweden,60890.2,11450.7,52892.9,125233.79999999999
2003,Sweden,61592.1,12113.5,52893.3,126598.90000000001
2004,Sweden,63253.0,13392.0,53145.9,129790.9
2005,Sweden,63999.3,13519.2,53394.9,130913.4
2006,Sweden,68167.3,15519.6,56727.3,140414.2
2007,Sweden,72046.8,17558.0,60384.2,149989.0
2008,Sweden,68504.6,16671.3,54877.9,140053.80000000002
2009,Sweden,54327.2,15588.5,43131.5,113047.2
2010,Sweden,70766.7,18079.9,55559.6,144406.2
2011,Sweden,76766.5,20610.1,60582.3,157958.90000000002
2012,Sweden,76808.4,22058.8,60230.5,159097.7
2013,Sweden,74378.8,22311.0,58767.0,155456.8
2014,Sweden,71458.6,22676.4,56824.5,150959.5
2015,Sweden,76124.9,24630.4,62230.3,162985.59999999998
2016,Sweden,76249.7,25840.6,62685.3,164775.59999999998
2017,Sweden,78121.8,27215.9,63390.8,168728.5
2018,Sweden,76638.6,27098.5,62541.0,166278.1
2019,Sweden,78614.3,27493.6,62522.0,168629.9
2020,Sweden,76067.9,28247.5,60505.1,164820.5
2021,Sweden,89217.2,31335.7,68875.9,189428.8
2022,Sweden,97364.8,32643.3,74889.6,204897.7
2023,Sweden,90025.5,30856.3,71682.3,192564.1
2024,Sweden,90435.5,30597.7,73064.4,194097.59999999998
2025,Sweden,93014.6,31856.9,73932.9,198804.4
1995,Slovenia,3997.6,799.8,3496.6,8294.0
1996,Slovenia,4156.1,896.6,3655.9,8708.6
1997,Slovenia,4585.3,1016.2,4042.4,9643.9
1998,Slovenia,5037.1,1083.5,4371.8,10492.400000000001
1999,Slovenia,5281.6,1265.1,4646.0,11192.7
2000,Slovenia,5384.9,1229.8,4705.8,11320.5
2001,Slovenia,5807.1,1236.0,5058.9,12102.0
2002,Slovenia,6152.8,1261.3,5333.1,12747.2
2003,Slovenia,6496.9,1380.8,5654.8,13532.5
2004,Slovenia,6865.6,1452.1,5902.0,14219.7
2005,Slovenia,6983.5,1636.3,5970.7,14590.5
2006,Slovenia,7499.3,1926.3,6408.1,15833.7
2007,Slovenia,8273.5,2416.6,7109.9,17800.0
2008,Slovenia,8508.5,2721.7,7244.0,18474.2
2009,Slovenia,7377.2,2434.1,6147.6,15958.9
2010,Slovenia,7524.0,1976.0,6307.5,15807.5
2011,Slovenia,7909.7,1855.5,6693.2,16458.4
2012,Slovenia,7948.1,1780.0,6725.7,16453.8
2013,Slovenia,8167.7,1612.6,6908.8,16689.1
2014,Slovenia,8544.1,1807.4,7321.0,17672.5
2015,Slovenia,8878.5,1756.3,7692.5,18327.3
2016,Slovenia,9283.7,1759.9,8095.0,19138.6
2017,Slovenia,10002.6,1945.8,8798.2,20746.6
2018,Slovenia,10534.3,2227.9,9277.2,22039.4
2019,Slovenia,11275.8,2475.9,9907.9,23659.6
2020,Slovenia,11076.9,2451.5,9589.7,23118.1
2021,Slovenia,11877.0,2770.5,10366.4,25013.9
2022,Slovenia,12543.9,3378.0,11339.2,27261.1
2023,Slovenia,15002.1,3947.1,12502.5,31451.7
2024,Slovenia,15620.6,3975.5,13056.9,32653.0
2025,Slovenia,15635.2,4338.5,13113.8,33087.5
1995,Slovakia,3604.8,677.7,2859.2,7141.7
1996,Slovakia,3876.5,1011.9,3000.6,7889.0
1997,Slovakia,4116.8,1127.7,3235.0,8479.5
1998,Slovakia,4540.6,1174.9,3635.6,9351.1
1999,Slovakia,4522.6,1020.4,3371.9,8914.9
2000,Slovakia,5405.0,1196.0,4391.5,10992.5
2001,Slovakia,5872.2,1270.6,5006.2,12149.0
2002,Slovakia,6143.7,1567.0,5006.8,12717.5
2003,Slovakia,7513.4,1696.6,5810.6,15020.6
2004,Slovakia,9121.2,2017.4,6940.5,18079.1
2005,Slovakia,10197.3,2381.5,7949.9,20528.699999999997
2006,Slovakia,12462.1,3141.9,9221.9,24825.9
2007,Slovakia,14819.1,4003.8,11206.9,30029.800000000003
2008,Slovakia,16055.9,5690.5,12239.2,33985.600000000006
2009,Slovakia,12968.3,5791.7,9406.5,28166.5
2010,Slovakia,14911.9,5676.3,11777.2,32365.4
2011,Slovakia,15905.5,5532.9,12469.9,33908.3
2012,Slovakia,16253.4,5917.3,12736.1,34906.8
2013,Slovakia,15723.2,5144.2,12441.4,33308.8
2014,Slovakia,17450.6,5437.6,14190.2,37078.399999999994
2015,Slovakia,18189.2,5869.0,15133.9,39192.1
2016,Slovakia,17541.0,5860.3,14502.1,37903.4
2017,Slovakia,17431.0,6423.2,14545.1,38399.3
2018,Slovakia,19151.3,6661.3,16346.3,42158.899999999994
2019,Slovakia,21324.3,6233.2,17682.3,45239.8
2020,Slovakia,20321.5,6595.4,16544.4,43461.3
2021,Slovakia,19994.1,7937.5,16941.9,44873.5
2022,Slovakia,20785.0,8405.2,19078.7,48268.9
2023,Slovakia,26390.6,9692.8,20812.5,56895.899999999994
2024,Slovakia,27579.4,10099.4,21260.2,58939.0
2025,Slovakia,27923.7,10508.7,22146.5,60578.9
