year,country,gdp_Bn.USD,industry_va_MioEUR,industry_va_PerUnit,gdp_X_industry_va_PerUnit_MrdEUR,industry_va_MrdEUR
1990,Austria,330.08301373960563,,,,
1990,Belgium,414.303366689278,,,,
1990,Bulgaria,,,,,
1990,Croatia,,,,,
1990,Czechia,320.58081820910155,,,,
1990,Denmark,235.44725060940237,,,,
1990,Estonia,,,,,
1990,Finland,193.01868428968976,54287.2,,,54.2872
1990,France,2258.328086873846,399014.1,,,399.0141
1990,Germany,3365.0811326494413,,,,
1990,Greece,270.4735214975018,,,,
1990,Hungary,,,,,
1990,Ireland,107.21172130610009,,,,
1990,Italy,2424.9681918726287,,,,
1990,Latvia,,,,,
1990,Lithuania,,,,,
1990,Luxembourg,30.818157361876,,,,
1990,Netherlands,642.2633496767738,,,,
1990,Norway,241.4749745822434,37587.2,,,37.587199999999996
1990,Poland,492.8441074440557,,,,
1990,Portugal,271.7922951727642,,,,
1990,Romania,,,,,
1990,Slovakia,,,,,
1990,Slovenia,50.580356422050265,,,,
1990,Spain,1219.3053721346537,,,,
1990,Sweden,342.35730701778647,,,,
1991,Austria,340.9724986818796,,,,
1991,Belgium,421.9515160733282,,,,
1991,Bulgaria,,,,,
1991,Croatia,,,,,
1991,Czechia,274.91907728200795,,,,
1991,Denmark,238.60209844401862,,,,
1991,Estonia,,,,,
1991,Finland,181.55473895959238,45110.3,,,45.1103
1991,France,2276.4213340609194,405862.9,,,405.8629
1991,Germany,3539.1560542635307,878868.7,,,878.8687
1991,Greece,280.6648083856045,,,,
1991,Hungary,194.54029231741828,,,,
1991,Ireland,109.0946613025925,,,,
1991,Italy,2461.8428435786877,,,,
1991,Latvia,,,,,
1991,Lithuania,,,,,
1991,Luxembourg,33.47651190306401,,,,
1991,Netherlands,657.8884345715632,,,,
1991,Norway,248.6747091412389,37807.2,,,37.807199999999995
1991,Poland,459.0706679061408,,,,
1991,Portugal,283.5924526781081,,,,
1991,Romania,,,,,
1991,Slovakia,,,,,
1991,Slovenia,46.07618886996,,,,
1991,Spain,1249.0044389558534,,,,
1991,Sweden,338.66292704256085,,,,
1992,Austria,348.23077638129297,,,,
1992,Belgium,428.1580765481827,,,,
1992,Bulgaria,,,,,
1992,Croatia,,,,,
1992,Czechia,257.3294133615013,,,,
1992,Denmark,243.36850852783016,,,,
1992,Estonia,,,,,
1992,Finland,175.621115635117,38510.299999999996,,,38.510299999999994
1992,France,2308.940614793679,421427.2,,,421.4272
1992,Germany,3595.531072430359,917321.5,,,917.3215
1992,Greece,283.1560395476776,,,,
1992,Hungary,188.66095493289413,,,,
1992,Ireland,112.66438624490452,,,,
1992,Italy,2479.375734129566,,,,
1992,Latvia,,,,,
1992,Lithuania,,,,,
1992,Luxembourg,34.080154395024,,,,
1992,Netherlands,668.5757149781189,,,,
1992,Norway,257.5556654728815,38429.9,,,38.4299
1992,Poland,471.378359884321,,,,
1992,Portugal,286.31776753356365,,,,
1992,Romania,,,,,
1992,Slovakia,73.85266322184131,,,,
1992,Slovenia,43.6657113237504,,,,
1992,Spain,1263.1842264649954,,,,
1992,Sweden,334.8417021063356,,,,
1993,Austria,350.9130518083107,,,,
1993,Belgium,424.3524323919413,,,,
1993,Bulgaria,,,,,
1993,Croatia,,,,,
1993,Czechia,254.9207572498556,,,,
1993,Denmark,243.1877352256991,,,,
1993,Estonia,,,,,
1993,Finland,174.30420338640334,35609.9,,,35.6099
1993,France,2300.501634767116,423174.6,,,423.1746
1993,Germany,3571.1086013795807,910554.3999999999,,,910.5543999999999
1993,Greece,278.8027290397474,,,,
1993,Hungary,187.63548197437538,,,,
1993,Ireland,115.79256643674289,,,,
1993,Italy,2458.6948106460623,,,,
1993,Latvia,,,,,
1993,Lithuania,,,,,
1993,Luxembourg,35.47489269385,,,,
1993,Netherlands,677.1317608992605,,,,
1993,Norway,264.859456854119,38905.1,,,38.9051
1993,Poland,489.77391716053586,,,,
1993,Portugal,280.26342054157226,,,,
1993,Romania,,,,,
1993,Slovakia,75.22923481112656,,,,
1993,Slovenia,44.9160729851138,,,,
1993,Spain,1254.2212993246458,,,,
1993,Sweden,328.0847351501161,72410.9,,,72.4109
1994,Austria,360.0612800854868,,,,
1994,Belgium,438.1487363336988,,,,
1994,Bulgaria,,,,,
1994,Croatia,,,,,
1994,Czechia,261.67071612835156,,,,
1994,Denmark,256.05237092596985,,,,
1994,Estonia,,,,,
1994,Finland,181.25532655082384,42891.3,,,42.8913
1994,France,2355.9780268139807,426471.3,,,426.4713
1994,Germany,3673.4426537445297,939242.7,,,939.2426999999999
1994,Greece,284.6933415719114,,,,
1994,Hungary,193.1464517262489,,,,
1994,Ireland,122.51902113850092,,,,
1994,Italy,2515.2062373751805,,,,
1994,Latvia,,,,,
1994,Lithuania,,,,,
1994,Luxembourg,36.80252968881,,,,
1994,Netherlands,698.0323434633789,,,,
1994,Norway,278.2954589686821,40995.6,,,40.995599999999996
1994,Poland,516.4402526226272,,,,
1994,Portugal,282.75796298573675,,,,
1994,Romania,,,,,
1994,Slovakia,79.91734611205405,,,,
1994,Slovenia,47.24011028902176,,,,
1994,Spain,1288.1495449151103,,,,
1994,Sweden,340.0471423687167,81433.4,,,81.43339999999999
1995,Austria,369.7884268824448,87708.4,,,87.7084
1995,Belgium,448.99529508475257,97752.29999999999,,,97.75229999999999
1995,Bulgaria,115.36027070242672,4034.9,,,4.0349
1995,Croatia,81.61961906510591,7866.8,,,7.8668000000000005
1995,Czechia,277.32975645488193,26165.699999999997,,,26.165699999999998
1995,Denmark,263.54765460119415,52064.1,,,52.064099999999996
1995,Estonia,21.2941821259515,1325.6,,,1.3256
1995,Finland,188.97846311191057,53090.8,,,53.0908
1995,France,2414.0037261078933,449073.89999999997,,,449.0739
1995,Germany,3733.336184128687,982222.0,,,982.222
1995,Greece,291.1718963324896,31861.2,,,31.8612
1995,Hungary,196.04616002692603,15602.7,,,15.6027
1995,Ireland,134.29223070209133,26242.3,,,26.2423
1995,Italy,2589.7404860461775,408819.5,,,408.8195
1995,Latvia,26.770045835096997,1832.9,,,1.8329000000000002
1995,Lithuania,44.292242502277546,2340.1,,,2.3401
1995,Luxembourg,37.311294967670506,5022.2,,,5.0222
1995,Netherlands,720.9333492964432,131543.4,,,131.5434
1995,Norway,289.9708373323609,46019.7,,,46.0197
1995,Poland,553.1057261444869,57952.600000000006,,,57.952600000000004
1995,Portugal,294.8583329420524,37091.7,,,37.091699999999996
1995,Romania,355.67870332805364,17228.4,,,17.2284
1995,Slovakia,84.65233143248236,7141.7,,,7.1417
1995,Slovenia,49.215326009090845,8294.0,,,8.294
1995,Spain,1327.8370381650514,209778.0,,,209.778
1995,Sweden,355.8690397477507,94163.8,,,94.16380000000001
1996,Austria,377.49223886422305,88029.6,,,88.0296
1996,Belgium,454.59182839428576,96738.4,,,96.7384
1996,Bulgaria,120.4184251884285,2474.6000000000004,,,2.4746000000000006
1996,Croatia,86.33693307998058,8046.4,,,8.0464
1996,Czechia,289.02201503985214,31032.9,,,31.0329
1996,Denmark,271.34923532984806,53910.1,,,53.9101
1996,Estonia,22.31942944630848,1616.4,,,1.6164
1996,Finland,195.94425220627687,52314.4,,,52.3144
1996,France,2446.6346683355723,450019.7,,,450.0197
1996,Germany,3778.3857548267943,950237.5,,,950.2375
1996,Greece,295.35967697021556,33474.0,,,33.474
1996,Hungary,196.28778258918535,15981.9,,,15.9819
1996,Ireland,143.8534662350489,29094.0,,,29.094
1996,Italy,2614.8953484604203,462284.19999999995,,,462.28419999999994
1996,Latvia,27.3493895455362,2049.1,,,2.0490999999999997
1996,Lithuania,46.51638462940444,2898.1000000000004,,,2.8981000000000003
1996,Luxembourg,37.923415912284,4862.799999999999,,,4.862799999999999
1996,Netherlands,744.6003097821363,131389.4,,,131.3894
1996,Norway,304.5224130774184,52797.5,,,52.7975
1996,Poland,588.2340621617254,64201.799999999996,,,64.20179999999999
1996,Portugal,305.1098159733176,40598.100000000006,,,40.5981
1996,Romania,369.8580742271253,18395.7,,,18.3957
1996,Slovakia,89.83658494023851,7889.0,,,7.889
1996,Slovenia,50.62746260662014,8708.6,,,8.7086
1996,Spain,1362.5816030166882,225144.69999999998,,,225.14469999999997
1996,Sweden,362.337779995799,103593.1,,,103.5931
1997,Austria,386.05813944971123,88360.9,,,88.3609
1997,Belgium,471.9864650587378,99270.40000000001,,,99.27040000000001
1997,Bulgaria,103.50915514740647,3488.8,,,3.4888000000000003
1997,Croatia,91.14254177225675,9235.0,,,9.235
1997,Czechia,287.21983146252404,32287.300000000003,,,32.2873
1997,Denmark,280.03637520036045,56762.0,,,56.762
1997,Estonia,25.2375588140974,1941.9,,,1.9419000000000002
1997,Finland,208.4916850864304,56784.6,,,56.7846
1997,France,2508.138514032354,458771.7,,,458.7717
1997,Germany,3858.6719883653386,939819.3999999999,,,939.8193999999999
1997,Greece,305.67176161223,34430.6,,,34.4306
1997,Hungary,202.14850019814844,19836.0,,,19.836
1997,Ireland,158.83627580408975,37645.7,,,37.6457
1997,Italy,2665.3482166359786,483867.8,,,483.8678
1997,Latvia,29.848141763686083,2650.8,,,2.6508000000000003
1997,Lithuania,50.3687916481607,3879.6000000000004,,,3.8796000000000004
1997,Luxembourg,39.966131914002,5075.3,,,5.0753
1997,Netherlands,777.054916379422,131097.9,,,131.09789999999998
1997,Norway,320.52884792773017,59071.899999999994,,,59.07189999999999
1997,Poland,629.7703880619999,69515.3,,,69.5153
1997,Portugal,318.3971583999003,43641.4,,,43.641400000000004
1997,Romania,351.7292344871979,18853.2,,,18.8532
1997,Slovakia,94.78641545342268,8479.5,,,8.4795
1997,Slovenia,53.25235452889089,9643.9,,,9.6439
1997,Spain,1411.3765085651253,233109.50000000003,,,233.10950000000003
1997,Sweden,374.2858022440396,107133.0,,,107.133
1998,Austria,399.22978894515245,91305.29999999999,,,91.30529999999999
1998,Belgium,481.248799429358,101023.0,,,101.023
1998,Bulgaria,107.40192139660802,4403.2,,,4.4032
1998,Croatia,93.32986918294479,9379.5,,,9.3795
1998,Czechia,286.07294542798246,34456.600000000006,,,34.45660000000001
1998,Denmark,286.6297376178798,58292.200000000004,,,58.2922
1998,Estonia,26.39837036090142,2031.1000000000001,,,2.0311000000000003
1998,Finland,219.9210927945001,63985.100000000006,,,63.9851
1998,France,2594.7987009791523,478180.39999999997,,,478.18039999999996
1998,Germany,3936.629147953168,964119.6,,,964.1196
1998,Greece,316.3226125859475,35243.3,,,35.243300000000005
1998,Hungary,209.97678411324887,20867.6,,,20.8676
1998,Ireland,172.57788087276163,43935.1,,,43.9351
1998,Italy,2713.9999837018217,496395.4,,,496.3954
1998,Latvia,31.794690633414312,2592.5,,,2.5925
1998,Lithuania,54.13001560268997,4352.700000000001,,,4.3527000000000005
1998,Luxembourg,42.622456407799994,5375.5,,,5.3755
1998,Netherlands,812.028287199179,137896.6,,,137.8966
1998,Norway,329.00532422482996,52466.6,,,52.4666
1998,Poland,661.22814892799,75753.9,,,75.75389999999999
1998,Portugal,333.655152599049,45750.7,,,45.750699999999995
1998,Romania,344.3976641079881,19867.5,,,19.8675
1998,Slovakia,98.4404320512095,9351.1,,,9.3511
1998,Slovenia,54.93675797598906,10492.400000000001,,,10.492400000000002
1998,Spain,1472.3998811827191,245839.59999999998,,,245.8396
1998,Sweden,389.7850756319413,110249.70000000001,,,110.24970000000002
1999,Austria,413.61945661036725,95791.90000000001,,,95.79190000000001
1999,Belgium,498.2256601328848,101849.0,,,101.849
1999,Bulgaria,98.30648757346167,4346.2,,,4.3462
1999,Croatia,92.7468610478676,8869.6,,,8.8696
1999,Czechia,289.7077543687003,34428.399999999994,,,34.428399999999996
1999,Denmark,295.215879360885,61615.5,,,61.6155
1999,Estonia,26.26359421428369,2072.5,,,2.0725
1999,Finland,229.58933443634146,67599.0,,,67.599
1999,France,2675.8463940584775,492812.6,,,492.8126
1999,Germany,4015.159187229058,976647.0,,,976.647
1999,Greece,325.14086480574633,39327.4,,,39.327400000000004
1999,Hungary,216.51526540798957,21571.1,,,21.571099999999998
1999,Ireland,189.91969414775795,50944.3,,,50.944300000000005
1999,Italy,2759.3045741770247,500003.0,,,500.003
1999,Latvia,32.66780097676992,2691.9,,,2.6919
1999,Lithuania,53.52598128487369,4311.7,,,4.3117
1999,Luxembourg,46.02072885102,5559.7,,,5.559699999999999
1999,Netherlands,852.1949844340139,142718.0,,,142.718
1999,Norway,335.5826623603842,60542.899999999994,,,60.542899999999996
1999,Poland,691.02076936516,75642.7,,,75.64269999999999
1999,Portugal,346.53296062622775,48437.100000000006,,,48.43710000000001
1999,Romania,343.2122351530507,16786.5,,,16.7865
1999,Slovakia,97.97876494094831,8914.9,,,8.9149
1999,Slovenia,57.599314277257065,11192.7,,,11.1927
1999,Spain,1537.4987870712896,263365.0,,,263.365
1999,Sweden,405.26732390802914,116027.20000000001,,,116.02720000000001
2000,Austria,427.7590114597391,100549.70000000001,,,100.54970000000002
2000,Belgium,516.7614137848409,108908.2,,,108.9082
2000,Bulgaria,102.82925880240852,5002.6,,,5.0026
2000,Croatia,95.79192835382115,9660.0,,,9.66
2000,Czechia,302.0854159391414,38114.3,,,38.1143
2000,Denmark,306.1231008814428,67309.9,,,67.3099
2000,Estonia,28.854117242875002,2490.2,,,2.4901999999999997
2000,Finland,242.84201731632496,76053.0,,,76.053
2000,France,2791.611252986151,523342.1,,,523.3421
2000,Germany,4144.528887349639,1012391.0,,,1012.391
2000,Greece,338.08720225585364,39465.6,,,39.4656
2000,Hungary,225.94791381303574,23648.4,,,23.648400000000002
2000,Ireland,205.76481440663116,59260.600000000006,,,59.260600000000004
2000,Italy,2865.8505034141367,519992.5,,,519.9925
2000,Latvia,34.649442901035904,3213.6,,,3.2136
2000,Lithuania,55.36308659074558,5435.299999999999,,,5.435299999999999
2000,Luxembourg,49.28382286416,6044.6,,,6.0446
2000,Netherlands,888.4433912845456,152890.0,,,152.89
2000,Norway,347.0518160559207,85148.1,,,85.1481
2000,Poland,714.6601449849047,83821.5,,,83.8215
2000,Portugal,359.4254486673081,50737.7,,,50.7377
2000,Romania,351.49881431956914,20328.4,,,20.328400000000002
2000,Slovakia,98.98250977927509,10992.5,,,10.9925
2000,Slovenia,59.7269306508336,11320.5,,,11.3205
2000,Spain,1616.7456087324797,286794.0,,,286.794
2000,Sweden,424.44754190982695,130795.9,,,130.7959
2001,Austria,432.62014677205,103777.6,,,103.7776
2001,Belgium,521.8525900516689,109309.6,,,109.3096
2001,Bulgaria,108.35709651095493,5886.5,,,5.8865
2001,Croatia,98.02920523276704,10416.0,,,10.416
2001,Czechia,310.9314544904308,43556.3,,,43.5563
2001,Denmark,309.05608802471477,68014.6,,,68.0146
2001,Estonia,30.542712932793602,2893.4,,,2.8934
2001,Finland,249.1614861820948,78892.0,,,78.892
2001,France,2843.028739231005,530837.9,,,530.8379
2001,Germany,4218.938210764317,1024542.0,,,1024.542
2001,Greece,353.9456797350011,43577.3,,,43.5773
2001,Hungary,235.17378187070292,27792.4,,,27.7924
2001,Ireland,217.00233719734794,72439.20000000001,,,72.43920000000001
2001,Italy,2923.325219901323,537083.9,,,537.0839
2001,Latvia,36.915592160109526,3410.2,,,3.4101999999999997
2001,Lithuania,59.01627907304652,6108.7,,,6.1087
2001,Luxembourg,50.8619846211,6076.2,,,6.0762
2001,Netherlands,909.4221922520476,163244.0,,,163.244
2001,Norway,354.38342720068175,86867.9,,,86.86789999999999
2001,Poland,723.7134095463866,89291.70000000001,,,89.2917
2001,Portugal,366.73871205272343,52710.3,,,52.710300000000004
2001,Romania,369.87058714416304,24539.2,,,24.5392
2001,Slovakia,101.6888005464533,12149.0,,,12.149
2001,Slovenia,61.409787187402365,12102.0,,,12.102
2001,Spain,1679.4558643857063,307148.0,,,307.148
2001,Sweden,430.74809038536705,120836.9,,,120.8369
2002,Austria,439.1819491857408,103444.29999999999,,,103.44429999999998
2002,Belgium,530.7815034628898,110892.5,,,110.8925
2002,Bulgaria,113.19975743417683,6545.1,,,6.545100000000001
2002,Croatia,103.90056413863637,10967.7,,,10.9677
2002,Czechia,315.2169900960292,48546.600000000006,,,48.546600000000005
2002,Denmark,310.5178970505581,69490.8,,,69.49080000000001
2002,Estonia,32.6767460847429,3219.9,,,3.2199
2002,Finland,253.4243261594731,78664.0,,,78.664
2002,France,2875.1595936520657,533853.1000000001,,,533.8531
2002,Germany,4217.060502196276,1006620.0,,,1006.62
2002,Greece,370.9482238313013,46562.1,,,46.5621
2002,Hungary,246.38384073424578,32551.0,,,32.551
2002,Ireland,229.06736823213987,84115.2,,,84.1152
2002,Italy,2927.2415525241186,549560.6,,,549.5606
2002,Latvia,39.66128126099567,3675.8999999999996,,,3.6758999999999995
2002,Lithuania,62.90049743173851,6501.7,,,6.5017
2002,Luxembourg,52.53905585734,6209.3,,,6.2093
2002,Netherlands,912.6159414416751,163040.0,,,163.04
2002,Norway,359.0022644897998,88868.7,,,88.8687
2002,Poland,734.2976042539678,86161.4,,,86.1614
2002,Portugal,369.82078017244424,53731.0,,,53.731
2002,Romania,393.4212554058695,26849.0,,,26.849
2002,Slovakia,106.22257668441283,12717.5,,,12.7175
2002,Slovenia,63.4527863944401,12747.2,,,12.747200000000001
2002,Spain,1713.7831907589734,322047.0,,,322.047
2002,Sweden,440.27625995561067,125233.79999999999,,,125.23379999999999
2003,Austria,444.06878351028513,105263.8,,,105.2638
2003,Belgium,536.4575091229256,110868.5,,,110.8685
2003,Bulgaria,119.10950568930608,7180.9,,,7.180899999999999
2003,Croatia,109.65211017544512,11843.0,,,11.843
2003,Czechia,325.31749956710945,47834.5,,,47.8345
2003,Denmark,311.95859172367017,68564.29999999999,,,68.56429999999999
2003,Estonia,35.2274613146066,3660.4,,,3.6604
2003,Finland,258.4720723701571,78115.0,,,78.115
2003,France,2904.3492303642843,533993.1000000001,,,533.9931000000001
2003,Germany,4200.538791383859,1012257.0,,,1012.257
2003,Greece,392.5032809484519,53103.0,,,53.103
2003,Hungary,256.00282240677933,33918.0,,,33.918
2003,Ireland,238.96082045750376,80966.29999999999,,,80.96629999999999
2003,Italy,2923.271833874163,549631.7,,,549.6316999999999
2003,Latvia,43.0197848450631,3531.7,,,3.5317
2003,Lithuania,69.63525390605528,7465.799999999999,,,7.465799999999999
2003,Luxembourg,53.76952873677,6575.5,,,6.5755
2003,Netherlands,914.8814613575089,162128.0,,,162.128
2003,Norway,362.49561253102087,87022.5,,,87.0225
2003,Poland,760.8866634297212,82888.5,,,82.8885
2003,Portugal,366.759704327492,52739.299999999996,,,52.73929999999999
2003,Romania,400.7081650311192,27136.7,,,27.1367
2003,Slovakia,111.37032570762713,15020.6,,,15.0206
2003,Slovenia,65.47229983973449,13532.5,,,13.5325
2003,Spain,1765.2995481323064,337257.0,,,337.257
2003,Sweden,449.05404304878743,126598.90000000001,,,126.59890000000001
2004,Austria,454.5363280981066,109246.5,,,109.2465
2004,Belgium,555.3837583719396,115907.9,,,115.9079
2004,Bulgaria,126.83676515477418,7573.3,,,7.573300000000001
2004,Croatia,114.2023101671825,13238.0,,,13.238
2004,Czechia,340.1923547409853,54307.9,,,54.307900000000004
2004,Denmark,320.6570287335464,70799.79999999999,,,70.79979999999999
2004,Estonia,37.556314423525,3945.3999999999996,,,3.9454
2004,Finland,268.7365276645644,80833.0,,,80.833
2004,France,2976.5855246916876,546755.8,,,546.7558
2004,Germany,4234.541342161101,1046274.0,,,1046.274
2004,Greece,413.51909922162974,56914.0,,,56.914
2004,Hungary,268.62397634326,38423.2,,,38.423199999999994
2004,Ireland,254.04847643587007,81088.7,,,81.0887
2004,Italy,2966.269122533497,567341.6,,,567.3416
2004,Latvia,46.821487340640005,3945.3999999999996,,,3.9454
2004,Lithuania,74.28867765092323,8747.6,,,8.7476
2004,Luxembourg,56.121591846407995,6690.5,,,6.6905
2004,Netherlands,931.4517681637055,167410.0,,,167.41
2004,Norway,376.90681085353003,94410.5,,,94.4105
2004,Poland,798.0861802262564,94788.5,,,94.7885
2004,Portugal,373.4431575095305,53727.9,,,53.7279
2004,Romania,442.8330825039312,32059.5,,,32.0595
2004,Slovakia,117.33104780240626,18079.1,,,18.079099999999997
2004,Slovenia,68.46266339975186,14219.7,,,14.219700000000001
2004,Spain,1822.9546802657967,352496.0,,,352.496
2004,Sweden,465.3673614011169,129790.9,,,129.7909
2005,Austria,465.712309516575,114237.4,0.3013,119.27125102874244,114.2374
2005,Belgium,567.8199527171955,119193.1,0.2343,113.08418268339308,119.1931
2005,Bulgaria,135.8137679510324,9076.0,0.2785,32.150514218208144,9.076
2005,Croatia,119.13258845061434,14019.5,0.3049,30.874997285803467,14.0195
2005,Czechia,361.241015650636,61924.8,0.3558,109.25012036322185,61.924800000000005
2005,Denmark,328.1178697526408,72880.1,0.2652,73.96433019964027,72.8801
2005,Estonia,41.0649593000385,4642.5,0.2672,9.326673556224746,4.6425
2005,Finland,276.1464863312853,83113.0,0.3,70.41735401447775,83.113
2005,France,3036.7233848364444,555053.5,0.2257,582.5801977639477,555.0535
2005,Germany,4283.849133673327,1057185.0,0.2958,1077.0881876794845,1057.185
2005,Greece,418.3140463262991,54408.799999999996,0.2176,77.37136600851228,54.40879999999999
2005,Hungary,280.20073850716415,42081.2,0.3367,80.19205035705784,42.081199999999995
2005,Ireland,269.053623668458,84516.79999999999,0.3435,78.55693177059803,84.51679999999999
2005,Italy,2993.7920443548246,575872.6,0.2731,694.9639162163072,575.8725999999999
2005,Latvia,52.2042350698788,4355.4,0.2705,12.003058748441884,4.3553999999999995
2005,Lithuania,80.30009940897781,10089.099999999999,0.3013,20.565256959136264,10.089099999999998
2005,Luxembourg,57.40060483695999,6752.1,0.1672,8.157773959428754,6.7521
2005,Netherlands,951.4877979828207,176289.0,0.2264,183.104311843814,176.289
2005,Norway,386.85955269258005,116693.90000000001,0.4188,137.71426356750464,116.69390000000001
2005,Poland,823.746317610345,112152.2,0.2975,208.30485006571598,112.1522
2005,Portugal,376.4408617546771,53828.8,0.262,83.83337991276659,53.8288
2005,Romania,463.37121687724334,42411.600000000006,0.3638,143.28828139494996,42.41160000000001
2005,Slovakia,124.94649233245363,20528.699999999997,0.3047,32.36051678164383,20.528699999999997
2005,Slovenia,71.0165642977875,14590.5,0.3492,21.079136614869284,14.5905
2005,Spain,1885.5688283283744,377132.0,0.2965,475.21048395945854,377.132
2005,Sweden,478.4833204804391,130913.4,0.2886,117.37674334705653,130.9134
2006,Austria,482.26896396432755,121981.3,,,121.9813
2006,Belgium,582.132568621713,120821.3,,,120.82130000000001
2006,Bulgaria,145.0330793624561,10638.0,,,10.638
2006,Croatia,125.20403353533541,15101.5,,,15.1015
2006,Czechia,385.423812676539,71589.4,,,71.5894
2006,Denmark,340.50751079786187,78553.6,,,78.5536
2006,Estonia,45.11813684123201,5619.7,,,5.6197
2006,Finland,287.1825555197148,89996.0,,,89.996
2006,France,3127.067515021344,565951.7,,,565.9517
2006,Germany,4462.561886698301,1130573.0,,,1130.573
2006,Greece,445.34115917883156,63498.0,,,63.498
2006,Hungary,291.0717994391481,43188.0,,,43.188
2006,Ireland,282.00518056223876,89968.1,,,89.9681
2006,Italy,3048.2881785270206,601744.7999999999,,,601.7447999999999
2006,Latvia,58.855493509690014,5431.3,,,5.4313
2006,Lithuania,85.9187970736628,11489.099999999999,,,11.489099999999999
2006,Luxembourg,60.9469715281812,7041.0,,,7.041
2006,Netherlands,986.4693049216639,186320.0,,,186.32
2006,Norway,396.0399918777814,134358.5,,,134.3585
2006,Poland,875.638732892799,126005.3,,,126.0053
2006,Portugal,382.4989791905913,55682.1,,,55.6821
2006,Romania,500.59684115740987,52577.7,,,52.5777
2006,Slovakia,136.09869872569345,24825.9,,,24.8259
2006,Slovenia,75.16566575288105,15833.7,,,15.8337
2006,Spain,1962.7765223920294,401693.0,,,401.693
2006,Sweden,500.8702841821974,140414.2,,,140.41420000000002
2007,Austria,500.25794817564815,130706.0,,,130.706
2007,Belgium,603.2762611722981,128315.1,,,128.3151
2007,Bulgaria,154.6676859013607,13077.3,,,13.0773
2007,Croatia,131.58600490693578,16340.8,,,16.340799999999998
2007,Czechia,405.5442365968384,79596.9,,,79.59689999999999
2007,Denmark,343.61799775931746,79587.6,,,79.58760000000001
2007,Estonia,48.36612998339999,6677.6,,,6.6776
2007,Finland,302.381127634827,98774.0,,,98.774
2007,France,3206.555172304584,590641.8,,,590.6418000000001
2007,Germany,4599.336993092569,1194579.0,,,1194.579
2007,Greece,461.0933514199986,63670.0,,,63.67
2007,Hungary,292.1894053373257,46858.5,,,46.8585
2007,Ireland,296.90623488215465,91636.0,,,91.636
2007,Italy,3085.802068175941,638363.0,,,638.363
2007,Latvia,64.9460962580568,7196.5,,,7.1965
2007,Lithuania,95.40741448572147,13237.2,,,13.237200000000001
2007,Luxembourg,65.7872621780517,8447.7,,,8.447700000000001
2007,Netherlands,1023.9142455617157,197863.0,,,197.863
2007,Norway,406.9833926220392,136169.0,,,136.169
2007,Poland,934.6865733932764,144315.3,,,144.31529999999998
2007,Portugal,392.08454405425056,58606.100000000006,,,58.606100000000005
2007,Romania,541.5551840510461,70593.5,,,70.5935
2007,Slovakia,150.78578320856158,30029.800000000003,,,30.0298
2007,Slovenia,80.37306579450141,17800.0,,,17.8
2007,Spain,2027.8789634123307,418880.0,,,418.88
2007,Sweden,517.9494207278158,149989.0,,,149.989
2008,Austria,507.0700481209923,132217.6,,,132.2176
2008,Belgium,605.8963498897831,125179.0,,,125.179
2008,Bulgaria,164.11096049289165,13903.1,,,13.9031
2008,Croatia,134.1437100157176,17584.3,,,17.5843
2008,Czechia,414.88676701564873,89903.1,,,89.90310000000001
2008,Denmark,341.96335307313086,83538.9,,,83.5389
2008,Estonia,46.13402493544521,6626.9,,,6.6269
2008,Finland,304.6917061988276,97817.0,,,97.817
2008,France,3215.883692160729,591059.7,,,591.0596999999999
2008,Germany,4636.647890967622,1185936.0,,,1185.936
2008,Greece,461.17481788737,61018.2,,,61.0182
2008,Hungary,294.9997109860836,47695.100000000006,,,47.695100000000004
2008,Ireland,285.5298553529156,81439.20000000001,,,81.43920000000001
2008,Italy,3056.1953704538055,635992.2,,,635.9921999999999
2008,Latvia,62.92764829946729,7692.299999999999,,,7.6922999999999995
2008,Lithuania,97.76200308789255,14676.800000000001,,,14.676800000000002
2008,Luxembourg,65.47574357737419,7797.6,,,7.7976
2008,Netherlands,1044.796570608766,205710.0,,,205.71
2008,Norway,408.7191314824554,156008.0,,,156.008
2008,Poland,974.6356258006873,166530.9,,,166.5309
2008,Portugal,393.543338562075,57828.59999999999,,,57.828599999999994
2008,Romania,587.8065221470571,86077.3,,,86.07730000000001
2008,Slovakia,158.82203987702144,33985.600000000006,,,33.985600000000005
2008,Slovenia,82.95131287404288,18474.2,,,18.4742
2008,Spain,2049.9250930051053,429200.0,,,429.2
2008,Sweden,512.2898004698881,140053.80000000002,,,140.05380000000002
2009,Austria,489.3463767162563,123379.20000000001,,,123.37920000000001
2009,Belgium,594.3759854759844,115904.0,,,115.904
2009,Bulgaria,158.56268998116866,14759.900000000001,,,14.759900000000002
2009,Croatia,125.07157005743262,16482.2,,,16.482200000000002
2009,Czechia,396.26483589584376,79605.1,,,79.60510000000001
2009,Denmark,325.3001085996163,72019.5,,,72.0195
2009,Estonia,39.563688831097195,5026.3,,,5.0263
2009,Finland,280.1066964980281,76932.0,,,76.932
2009,France,3129.1596932444027,552517.8,,,552.5178000000001
2009,Germany,4385.555879647736,1026942.0,,,1026.942
2009,Greece,442.36491010976135,56858.8,,,56.8588
2009,Hungary,275.14704863490897,39937.7,,,39.9377
2009,Ireland,269.80943758481493,77979.8,,,77.9798
2009,Italy,2897.752524657772,555097.9,,,555.0979
2009,Latvia,53.005397613117566,5803.0,,,5.803
2009,Lithuania,83.43169863131793,10814.3,,,10.8143
2009,Luxembourg,63.446891704349994,6115.0,,,6.115
2009,Netherlands,1006.2228941766876,185400.0,,,185.4
2009,Norway,400.91170296768587,119336.3,,,119.33630000000001
2009,Poland,997.9307304750898,148251.0,,,148.251
2009,Portugal,381.24251772522763,54362.1,,,54.3621
2009,Romania,554.7288864103583,71912.6,,,71.91260000000001
2009,Slovakia,150.055160937476,28166.5,,,28.1665
2009,Slovenia,76.74994719923615,15958.9,,,15.9589
2009,Spain,1980.7594076716052,387457.0,,,387.457
2009,Sweden,490.6554064157955,113047.2,,,113.0472
2010,Austria,497.71835413524525,126601.29999999999,0.2807,118.75311070489884,126.6013
2010,Belgium,609.7668147502048,122733.2,0.2235,115.84045063217016,122.7332
2010,Bulgaria,161.10792057876515,13551.5,0.2601,35.61854462115629,13.5515
2010,Croatia,123.48381175581548,15783.3,0.272,28.549457277944537,15.783299999999999
2010,Czechia,406.9048226590183,85305.2,0.3823,132.2257566471613,85.3052
2010,Denmark,330.36343686150684,73624.7,0.2337,65.62504491535402,73.62469999999999
2010,Estonia,40.42658719988071,5569.9,0.2567,8.82087919407797,5.5699
2010,Finland,289.01334704325814,81326.0,0.2917,71.65941433264064,81.326
2010,France,3186.9227282570246,556348.5,0.2069,560.4681656049216,556.3485
2010,Germany,4561.537607139476,1189024.0,0.297,1151.5601689223606,1189.024
2010,Greece,417.5608226880714,51626.3,0.178,63.1769524727052,51.6263
2010,Hungary,278.2520512456604,43172.5,0.3164,74.8331066620079,43.1725
2010,Ireland,272.3121498454063,71697.70000000001,0.296,68.51373690110421,71.69770000000001
2010,Italy,2942.3794276113213,574890.7,0.2489,622.5045036025892,574.8906999999999
2010,Latvia,51.132373446585916,5799.4,0.2247,9.766027666430679,5.7993999999999994
2010,Lithuania,84.43816616680904,11928.3,0.2841,20.39055055679188,11.9283
2010,Luxembourg,65.74422477675,6769.2,0.1249,6.979735623423664,6.7692
2010,Netherlands,1019.2462918486725,184711.0,0.2129,184.44790520439503,184.711
2010,Norway,404.0103968354094,139761.4,0.3662,125.75631622295789,139.76139999999998
2010,Poland,1030.8634418001905,165531.1,0.328,287.4047275738931,165.5311
2010,Portugal,388.07314482367184,56689.6,0.2341,77.22073472273834,56.6896
2010,Romania,532.4186721789916,79120.3,0.4073,184.3260064017278,79.1203
2010,Slovakia,160.3337043674312,32365.4,0.3121,42.53412676311399,32.3654
2010,Slovenia,77.88834309862399,15807.5,0.3327,22.02643398657537,15.8075
2010,Spain,1984.884699507916,367308.0,0.2516,424.48744183676286,367.308
2010,Sweden,517.6075265145556,144406.2,0.2699,118.74693069533677,144.4062
2011,Austria,512.6539178658514,132517.2,,,132.5172
2011,Belgium,622.6441785579028,127642.5,,,127.6425
2011,Bulgaria,164.3661426194203,15851.8,,,15.851799999999999
2011,Croatia,123.4160563964199,16092.2,,,16.092200000000002
2011,Czechia,415.8875155884639,91899.20000000001,,,91.89920000000001
2011,Denmark,334.8800629772623,76458.0,,,76.458
2011,Estonia,43.3901713423158,6679.9,,,6.6799
2011,Finland,295.86855505119127,81818.0,,,81.818
2011,France,3266.8044386737515,577261.2,,,577.2611999999999
2011,Germany,4645.549567054896,1274633.0,,,1274.633
2011,Greece,377.01538683005566,45838.7,,,45.838699999999996
2011,Hungary,283.5777930950897,44461.5,,,44.4615
2011,Ireland,277.2139652040562,77730.2,,,77.7302
2011,Italy,2965.376790554095,586252.8,,,586.2528000000001
2011,Latvia,52.5075000077823,6389.3,,,6.3893
2011,Lithuania,89.2159138687894,14492.3,,,14.492299999999998
2011,Luxembourg,66.166122741488,6904.799999999999,,,6.904799999999999
2011,Netherlands,1037.5646967885464,193014.0,,,193.014
2011,Norway,408.3534861373916,161489.3,,,161.4893
2011,Poland,1085.786207785825,176611.90000000002,,,176.61190000000002
2011,Portugal,381.34426693699345,54060.399999999994,,,54.060399999999994
2011,Romania,556.4573492670747,91597.4,,,91.5974
2011,Slovakia,164.2922767272468,33908.3,,,33.908300000000004
2011,Slovenia,78.3682209166207,16458.4,,,16.4584
2011,Spain,1972.4815923262854,353615.0,,,353.615
2011,Sweden,534.4630303278077,157958.90000000002,,,157.95890000000003
2012,Austria,515.692142673695,136976.5,,,136.9765
2012,Belgium,624.3532622043698,126533.6,,,126.5336
2012,Bulgaria,166.53952109742985,16663.199999999997,,,16.663199999999996
2012,Croatia,120.81609950924161,15504.2,,,15.5042
2012,Czechia,413.2792973156604,88963.1,,,88.96310000000001
2012,Denmark,334.82385499863915,78983.8,,,78.9838
2012,Estonia,44.9771710963788,6964.9,,,6.964899999999999
2012,Finland,291.38060581657464,76052.0,,,76.052
2012,France,3273.63693619024,578779.4,,,578.7794
2012,Germany,4673.1374614912065,1304250.0,,,1304.25
2012,Greece,345.8982694649855,42638.3,,,42.6383
2012,Hungary,279.90397952587426,43534.899999999994,,,43.53489999999999
2012,Ireland,275.1231072070905,77129.70000000001,,,77.12970000000001
2012,Italy,2872.3426048226297,564216.5,,,564.2165
2012,Latvia,56.22166365966138,7068.0,,,7.068
2012,Lithuania,92.82774310926378,15579.7,,,15.5797
2012,Luxembourg,67.3865429183982,6971.200000000001,,,6.9712000000000005
2012,Netherlands,1028.1476016873507,193411.0,,,193.411
2012,Norway,419.45248816157346,177618.5,,,177.6185
2012,Poland,1103.3638808151086,181365.5,,,181.3655
2012,Portugal,366.91584353461496,51340.399999999994,,,51.340399999999995
2012,Romania,566.6170826598349,77602.8,,,77.6028
2012,Slovakia,166.9861302603694,34906.8,,,34.906800000000004
2012,Slovenia,76.13459352667881,16453.8,,,16.453799999999998
2012,Spain,1921.6326505972954,327480.0,,,327.48
2012,Sweden,533.9792511674996,159097.7,,,159.0977
2013,Austria,513.7879808969882,138357.1,,,138.3571
2013,Belgium,626.8365428966944,128564.3,,,128.5643
2013,Bulgaria,165.20251083108695,15255.300000000001,,,15.255300000000002
2013,Croatia,120.6180225308238,14836.300000000001,,,14.836300000000001
2013,Czechia,413.74021496238004,86873.29999999999,,,86.87329999999999
2013,Denmark,339.4662749320289,81841.1,,,81.84110000000001
2013,Estonia,45.75432936158279,7326.5,,,7.3265
2013,Finland,288.5546890379754,77210.0,,,77.21
2013,France,3303.6098504651495,589952.8,,,589.9528
2013,Germany,4695.563644710897,1308204.0,,,1308.204
2013,Greece,337.6478068952975,40689.700000000004,,,40.6897
2013,Hungary,285.71495007625754,44731.0,,,44.731
2013,Ireland,283.6336232771172,78496.7,,,78.4967
2013,Italy,2822.5523007737756,557057.1,,,557.0571
2013,Latvia,57.39911262508175,7111.3,,,7.1113
2013,Lithuania,96.55260381094187,15793.800000000001,,,15.793800000000001
2013,Luxembourg,69.31772317656271,7362.9,,,7.3629
2013,Netherlands,1028.2965164854852,188590.0,,,188.59
2013,Norway,424.1185809616231,171446.19999999998,,,171.44619999999998
2013,Poland,1111.742939420793,172594.90000000002,,,172.59490000000002
2013,Portugal,363.39211686091204,51967.8,,,51.967800000000004
2013,Romania,568.0744488121236,74738.20000000001,,,74.7382
2013,Slovakia,168.15304378613484,33308.8,,,33.308800000000005
2013,Slovenia,75.52750695012536,16689.1,,,16.6891
2013,Spain,1896.7570927465695,316867.0,,,316.867
2013,Sweden,539.4633892256414,155456.8,,,155.4568
2014,Austria,517.7067099939655,141858.0,,,141.858
2014,Belgium,637.5020599962563,130408.1,,,130.40810000000002
2014,Bulgaria,166.81423336847445,15691.699999999999,,,15.691699999999999
2014,Croatia,120.0102767197773,14783.1,,,14.783100000000001
2014,Czechia,422.8229119135986,90616.8,,,90.6168
2014,Denmark,343.4738866953306,82968.2,,,82.9682
2014,Estonia,47.165031714825254,7752.7,,,7.7527
2014,Finland,287.23439021873645,77534.0,,,77.534
2014,France,3348.9326074851338,592774.5,,,592.7745
2014,Germany,4791.636184299139,1375727.0,,,1375.727
2014,Greece,339.92414061837417,38625.8,,,38.625800000000005
2014,Hungary,297.94015612865496,47968.8,,,47.9688
2014,Ireland,308.7241377485296,88292.2,,,88.2922
2014,Italy,2825.299770481646,556577.3,,,556.5773
2014,Latvia,58.49366101648944,6955.299999999999,,,6.955299999999999
2014,Lithuania,100.10443966738764,16431.4,,,16.4314
2014,Luxembourg,71.10942542795199,8047.900000000001,,,8.0479
2014,Netherlands,1044.201214024791,185565.0,,,185.565
2014,Norway,432.8985208924755,158398.3,,,158.39829999999998
2014,Poland,1153.8101090347066,191455.2,,,191.45520000000002
2014,Portugal,365.9020716902555,53387.5,,,53.3875
2014,Romania,591.4441991709698,81410.90000000001,,,81.41090000000001
2014,Slovakia,172.6924900540894,37078.399999999994,,,37.078399999999995
2014,Slovenia,77.61465011817269,17672.5,,,17.6725
2014,Spain,1922.7678543951872,320694.0,,,320.694
2014,Sweden,552.0719015506048,150959.5,,,150.9595
2015,Austria,523.7299671096847,146268.7,0.2823,125.67162425780438,146.26870000000002
2015,Belgium,646.4166704621668,133157.09999999998,0.2196,120.66013570846806,133.15709999999999
2015,Bulgaria,172.5343182426333,17247.0,0.2743,40.22723896986116,17.247
2015,Croatia,123.19157814403334,15060.0,0.2581,27.026384371128753,15.06
2015,Czechia,445.00276069688726,97625.20000000001,0.3751,141.88245520679203,97.6252
2015,Denmark,350.2989887601866,87235.1,0.2303,68.57277854475034,87.2351
2015,Estonia,48.301571285115,7725.8,0.2729,11.204273983151701,7.7258000000000004
2015,Finland,288.7073123586727,80178.0,0.2698,66.20924794321441,80.178
2015,France,3381.8333841016206,606626.0,0.1976,568.0127351937082,606.626
2015,Germany,4842.8418535519895,1420394.0,0.3014,1240.6876544614843,1420.394
2015,Greece,338.99851505622865,39868.1,0.1606,46.276687290325775,39.8681
2015,Hungary,308.87523333367767,52589.3,0.3134,82.2812734077584,52.5893
2015,Ireland,377.4221595101033,199669.1,0.4103,131.62786523994606,199.66910000000001
2015,Italy,2852.2490107342464,574693.6,0.232,562.4635049167935,574.6936
2015,Latvia,60.756469389554404,7272.7,0.2173,11.222023678597646,7.2726999999999995
2015,Lithuania,103.11709385524176,16550.2,0.2967,26.005615484822698,16.5502
2015,Luxembourg,73.0394151697716,9214.5,0.1221,7.580395703394745,9.2145
2015,Netherlands,1065.8904960000655,192718.0,0.2021,183.10399885537126,192.718
2015,Norway,441.28360988626014,136187.1,0.3484,130.68172823171707,136.18710000000002
2015,Poland,1204.2648811699894,210461.69999999998,0.3435,351.61523867960767,210.46169999999998
2015,Portugal,371.32220266761425,57127.9,0.2235,70.54193545178002,57.127900000000004
2015,Romania,610.6597283220507,81779.09999999999,0.3152,163.6079544120438,81.77909999999999
2015,Slovakia,181.68679212365885,39192.1,0.339,52.353049150432305,39.192099999999996
2015,Slovenia,79.4834390682431,18327.3,0.3242,21.90325130403575,18.3273
2015,Spain,1999.931964526783,336318.0,0.2212,376.0272079703257,336.318
2015,Sweden,574.8041430743943,162985.59999999998,0.2492,121.75501358601822,162.98559999999998
2016,Austria,535.4574913664438,155001.5,,,155.0015
2016,Belgium,655.1176527628637,134309.5,,,134.3095
2016,Bulgaria,177.7496680634239,18945.7,,,18.945700000000002
2016,Croatia,127.31281522123986,15772.0,,,15.772
2016,Czechia,456.52173053459614,101731.9,,,101.7319
2016,Denmark,361.1536056626207,93633.4,,,93.6334
2016,Estonia,49.70502317246255,8175.4,,,8.1754
2016,Finland,296.1747002135651,82456.0,,,82.456
2016,France,3403.0050366974033,605014.7,,,605.0147
2016,Germany,4969.336169733561,1488529.0,,,1488.529
2016,Greece,337.70456082217595,39099.2,,,39.099199999999996
2016,Hungary,316.4679182316636,52474.2,,,52.474199999999996
2016,Ireland,383.7646530215808,190796.8,,,190.7968
2016,Italy,2886.68113975644,602266.3,,,602.2663
2016,Latvia,62.335749373803274,7277.1,,,7.277100000000001
2016,Lithuania,105.97819678602211,16617.1,,,16.617099999999997
2016,Luxembourg,76.51651006873799,10056.099999999999,,,10.056099999999999
2016,Netherlands,1090.954504656781,196111.0,,,196.111
2016,Norway,446.62867553594117,118890.6,,,118.8906
2016,Poland,1242.1541860347302,209333.3,,,209.33329999999998
2016,Portugal,378.71973176691074,59067.3,,,59.0673
2016,Romania,628.3166564572755,84160.1,,,84.1601
2016,Slovakia,185.10440276523414,37903.4,,,37.903400000000005
2016,Slovenia,81.89447490652849,19138.6,,,19.1386
2016,Spain,2056.034550616559,345273.0,,,345.273
2016,Sweden,586.2769821521573,164775.59999999998,,,164.77559999999997
2017,Austria,549.4298789140023,158836.8,,,158.83679999999998
2017,Belgium,664.5833486232189,140118.4,,,140.1184
2017,Bulgaria,182.68433453439235,19955.0,,,19.955
2017,Croatia,131.92656477276125,16332.6,,,16.3326
2017,Czechia,481.72172211913266,109026.70000000001,,,109.0267
2017,Denmark,372.5358692313846,98426.9,,,98.42689999999999
2017,Estonia,52.34573773094221,8880.7,,,8.880700000000001
2017,Finland,306.1340710133147,89534.0,,,89.534
2017,France,3475.775688711039,613216.0,,,613.216
2017,Germany,5121.176529338036,1535502.0,,,1535.502
2017,Greece,342.4658255933998,38245.7,,,38.2457
2017,Hungary,329.29214753411503,56311.399999999994,,,56.31139999999999
2017,Ireland,426.74772317013935,210964.5,,,210.9645
2017,Italy,2933.7566206957736,621203.3,,,621.2033
2017,Latvia,64.43548275012185,7974.599999999999,,,7.9746
2017,Lithuania,110.8045474524551,17938.1,,,17.9381
2017,Luxembourg,77.7592159857513,9071.0,,,9.071
2017,Netherlands,1121.4146578327238,207771.0,,,207.771
2017,Norway,457.937697251277,132835.6,,,132.8356
2017,Poland,1307.0235662084106,214341.8,,,214.34179999999998
2017,Portugal,390.9835268823514,61937.9,,,61.9379
2017,Romania,679.712084183712,91231.0,,,91.231
2017,Slovakia,190.47866029542658,38399.3,,,38.399300000000004
2017,Slovenia,86.15376272479469,20746.6,,,20.746599999999997
2017,Spain,2115.359902286204,362933.0,,,362.933
2017,Sweden,598.6043494710456,168728.5,,,168.7285
2018,Austria,562.9313527453774,164944.9,,,164.9449
2018,Belgium,676.7652740130145,143857.9,,,143.8579
2018,Bulgaria,187.37500472983692,19931.2,,,19.9312
2018,Croatia,135.37721876899707,16753.2,,,16.7532
2018,Czechia,496.1240078792827,114334.20000000001,,,114.33420000000001
2018,Denmark,379.71058845550186,101081.3,,,101.0813
2018,Estonia,54.305376711917845,9650.7,,,9.6507
2018,Finland,309.88958155985347,90213.0,,,90.213
2018,France,3526.2821630828357,626797.1,,,626.7971
2018,Germany,5180.574115484822,1567844.0,,,1567.844
2018,Greece,348.93207331374487,39486.5,,,39.4865
2018,Hungary,347.52434409154347,59238.299999999996,,,59.238299999999995
2018,Ireland,457.1105622841189,233350.0,,,233.35
2018,Italy,2957.8244837613806,638825.7,,,638.8257
2018,Latvia,67.1862016438858,8526.7,,,8.5267
2018,Lithuania,115.872926825162,19341.199999999997,,,19.341199999999997
2018,Luxembourg,78.99185671109501,9589.6,,,9.5896
2018,Netherlands,1146.620636868154,220307.0,,,220.307
2018,Norway,461.9452692170556,145620.9,,,145.6209
2018,Poland,1387.7669400907641,228524.5,,,228.5245
2018,Portugal,402.3778561389788,64992.799999999996,,,64.9928
2018,Romania,721.2764706066285,98658.1,,,98.6581
2018,Slovakia,198.2219275133344,42158.899999999994,,,42.158899999999996
2018,Slovenia,89.70290031648959,22039.4,,,22.0394
2018,Spain,2163.37914189178,370074.0,,,370.074
2018,Sweden,611.1156635995858,166278.1,,,166.2781
2019,Austria,572.7563259102802,168724.09999999998,,,168.72409999999996
2019,Belgium,693.0005217169554,151768.09999999998,,,151.76809999999998
2019,Bulgaria,194.51769422856418,21352.699999999997,,,21.3527
2019,Croatia,139.36284498084157,17606.199999999997,,,17.606199999999998
2019,Czechia,514.6667573440681,121457.0,,,121.457
2019,Denmark,386.3333403628703,105037.4,,,105.03739999999999
2019,Estonia,56.272893751816,10020.4,,,10.0204
2019,Finland,314.0376408360675,92685.0,,,92.685
2019,France,3599.5992655764876,652268.1,,,652.2681
2019,Germany,5236.31176994562,1586507.0,,,1586.507
2019,Greece,356.1788896161808,39357.6,,,39.3576
2019,Hungary,365.1223256776181,61837.6,,,61.8376
2019,Ireland,482.2615250911764,246665.1,,,246.6651
2019,Italy,2971.8679250267605,646137.0,,,646.137
2019,Latvia,67.59440894054111,9053.8,,,9.053799999999999
2019,Lithuania,121.040109315192,20315.699999999997,,,20.315699999999996
2019,Luxembourg,81.07862336034401,10387.9,,,10.3879
2019,Netherlands,1172.1724605647269,228464.0,,,228.464
2019,Norway,466.84756817806516,132903.9,,,132.9039
2019,Poland,1450.6263124167956,244945.1,,,244.9451
2019,Portugal,412.5440173790755,66114.0,,,66.114
2019,Romania,748.4489430299948,100542.0,,,100.542
2019,Slovakia,202.73593291065262,45239.8,,,45.2398
2019,Slovenia,92.71407449661876,23659.6,,,23.659599999999998
2019,Spain,2201.2130983559714,384571.0,,,384.571
2019,Sweden,626.8884114701933,168629.9,,,168.6299
2020,Austria,535.5393447233326,160691.2,0.2792,127.0941972897413,160.6912
2020,Belgium,660.7636802105436,144194.9,0.2175,122.15868537892426,144.1949
2020,Bulgaria,187.45217296416453,21480.9,0.2669,42.52633721951519,21.480900000000002
2020,Croatia,127.7857021818179,16357.9,0.2502,27.17618528300721,16.3579
2020,Czechia,491.54486573143885,111190.1,0.3657,152.79426378828913,111.1901
2020,Denmark,379.7133177155954,101101.9,0.2223,71.74872994895033,101.1019
2020,Estonia,54.84702884592096,9573.4,0.26,12.121193374948533,9.5734
2020,Finland,306.1223213189432,91601.0,0.2627,68.35558373891341,91.601
2020,France,3323.956475204645,591585.1,0.1953,551.793394666347,591.5851
2020,Germany,5007.6167082144475,1510133.0,0.2976,1266.7267225099265,1510.133
2020,Greece,323.42886134991375,38069.7,0.1599,43.958833690373524,38.0697
2020,Hungary,349.7688159718589,57851.9,0.3019,89.75592471061856,57.8519
2020,Ireland,512.71343059406,270247.0,0.3644,158.80785799220413,270.247
2020,Italy,2713.5684717192644,591876.6,0.2294,529.1187163005394,591.8765999999999
2020,Latvia,65.25202583590075,9298.3,0.2093,11.608661656335924,9.2983
2020,Lithuania,121.02720986151846,20230.7,0.2821,29.020509516644204,20.230700000000002
2020,Luxembourg,81.03822795768559,10493.3,0.1202,8.279675750436736,10.4933
2020,Netherlands,1129.2035997876746,227495.0,0.1974,189.46907200837393,227.495
2020,Norway,461.60996624302686,109009.1,0.3443,135.09246467085302,109.0091
2020,Poland,1450.6363477673267,238127.4,0.3295,406.28697510093406,238.1274
2020,Portugal,379.11872170683614,63294.200000000004,0.2181,70.28292422362182,63.294200000000004
2020,Romania,721.4195112732732,93516.3,0.3017,185.00442656847454,93.5163
2020,Slovakia,197.5010369593167,43461.3,0.3318,55.70121745363609,43.4613
2020,Slovenia,88.97852006471786,23118.1,0.3134,23.70298796004019,23.1181
2020,Spain,1966.337543663415,349747.0,0.2182,364.6966242232536,349.747
2020,Sweden,614.8219467600469,164820.5,0.2476,129.39542691511946,164.8205
2021,Austria,562.2367494225655,173480.4,,,173.4804
2021,Belgium,700.8953027308495,145444.7,,,145.4447
2021,Bulgaria,202.23401375451493,22807.6,,,22.807599999999997
2021,Croatia,143.73941244784973,18243.1,,,18.2431
2021,Czechia,501.6120956611639,118473.09999999999,,,118.47309999999999
2021,Denmark,407.2278723218237,109681.7,,,109.68169999999999
2021,Estonia,58.773005427287885,11279.8,,,11.2798
2021,Finland,314.1865144942918,97448.0,,,97.448
2021,France,3551.528322061559,631629.2999999999,,,631.6293
2021,Germany,5186.243580280259,1610275.0,,,1610.275
2021,Greece,351.43553687302943,43258.399999999994,,,43.258399999999995
2021,Hungary,375.0964259311589,62646.8,,,62.646800000000006
2021,Ireland,592.9400103112473,324499.0,,,324.499
2021,Italy,2951.0095621640157,698726.3,,,698.7263
2021,Latvia,69.84554681254828,10957.199999999999,,,10.957199999999998
2021,Lithuania,128.87589674398797,23112.100000000002,,,23.1121
2021,Luxembourg,86.476629942851,11129.2,,,11.1292
2021,Netherlands,1197.713005768587,253745.0,,,253.745
2021,Norway,479.19519191848025,186784.2,,,186.7842
2021,Poland,1521.6323902169336,266936.6,,,266.9366
2021,Portugal,400.0414442472613,68749.3,,,68.7493
2021,Romania,762.5686839462207,101010.5,,,101.0105
2021,Slovakia,209.59264152737364,44873.5,,,44.8735
2021,Slovenia,96.82006088980536,25013.9,,,25.013900000000003
2021,Spain,2101.3311264229083,390072.0,,,390.072
2021,Sweden,649.4547524643257,189428.8,,,189.4288
2022,Austria,588.771961547958,190969.6,,,190.9696
2022,Belgium,728.8112428368196,182623.0,,,182.623
2022,Bulgaria,210.16616098652892,33126.0,,,33.126
2022,Croatia,153.92426288100123,21865.4,,,21.8654
2022,Czechia,504.5577445838183,139509.9,,,139.5099
2022,Denmark,412.20417151989324,127463.29999999999,,,127.46329999999999
2022,Estonia,58.7506002974562,12736.800000000001,,,12.7368
2022,Finland,316.53074580819305,108945.0,,,108.945
2022,France,3653.214465752978,665370.7999999999,,,665.3707999999999
2022,Germany,5228.579603220101,1750629.0,,,1750.629
2022,Greece,370.4528787418057,54735.5,,,54.7355
2022,Hungary,390.4989658592877,69091.5,,,69.0915
2022,Ireland,641.8414899705845,405402.6,,,405.40259999999995
2022,Italy,3088.7615808341416,772482.7999999999,,,772.4827999999999
2022,Latvia,70.3964018977176,11752.8,,,11.752799999999999
2022,Lithuania,130.83866720241772,27932.699999999997,,,27.932699999999997
2022,Luxembourg,85.10191998599701,9995.2,,,9.9952
2022,Netherlands,1253.94340157768,288247.0,,,288.247
2022,Norway,493.391618111625,309287.7,,,309.28770000000003
2022,Poland,1563.6192397606137,309898.5,,,309.8985
2022,Portugal,426.5851542484854,75298.6,,,75.29860000000001
2022,Romania,789.8808028554554,116303.4,,,116.3034
2022,Slovakia,208.90872294217414,48268.9,,,48.2689
2022,Slovenia,99.2704171987918,27261.1,,,27.2611
2022,Spain,2214.900476001624,443736.0,,,443.736
2022,Sweden,657.2124446653175,204897.7,,,204.89770000000001
2023,Austria,586.875965264634,200844.0,,,200.844
2023,Belgium,739.1873771477724,189324.3,,,189.3243
2023,Bulgaria,213.59417611698763,34174.0,,,34.174
2023,Croatia,158.39605272289214,26431.7,,,26.4317
2023,Czechia,514.1425454708262,161007.2,,,161.0072
2023,Denmark,423.7654531772207,149556.69999999998,,,149.55669999999998
2023,Estonia,56.92613966153765,12563.6,,,12.563600000000001
2023,Finland,313.26262703310425,103617.0,,,103.617
2023,France,3692.569187552383,788031.0,,,788.031
2023,Germany,5173.65665794514,1929748.0,,,1929.748
2023,Greece,378.036198811353,53465.5,,,53.4655
2023,Hungary,387.29911632414456,83905.5,,,83.9055
2023,Ireland,608.102461504654,334820.30000000005,,,334.82030000000003
2023,Italy,3110.1868428373996,838563.8,,,838.5638
2023,Latvia,73.33992585598187,12271.5,,,12.2715
2023,Lithuania,131.826082984983,29295.6,,,29.2956
2023,Luxembourg,84.8999092205207,10952.2,,,10.952200000000001
2023,Netherlands,1258.2380616533753,300711.0,,,300.711
2023,Norway,491.88427686497505,202106.0,,,202.106
2023,Poland,1566.2026401326746,352266.80000000005,,,352.26680000000005
2023,Portugal,437.179386419846,83249.3,,,83.2493
2023,Romania,808.8549417848816,131727.1,,,131.7271
2023,Slovakia,213.19329449965315,56895.899999999994,,,56.8959
2023,Slovenia,101.3031220829342,31451.7,,,31.451700000000002
2023,Spain,2274.214474612276,462936.0,,,462.936
2023,Sweden,657.8237117627217,192564.1,,,192.5641
2024,Austria,579.2957113152625,196237.6,,,196.23760000000001
2024,Belgium,747.0048857832475,187156.6,,,187.1566
2024,Bulgaria,219.86048319440374,35231.2,,,35.231199999999994
2024,Croatia,165.9120133757503,25487.5,,,25.4875
2024,Czechia,522.2066901114159,157470.1,,,157.4701
2024,Denmark,439.1333730703288,164806.7,,,164.8067
2024,Estonia,57.14195920427151,12345.8,,,12.345799999999999
2024,Finland,312.9134858632739,102153.0,,,102.153
2024,France,3742.9849575875187,781850.6000000001,,,781.8506000000001
2024,Germany,5171.653267879899,1888715.0,,,1888.715
2024,Greece,386.27105760276436,56969.0,,,56.969
2024,Hungary,389.88618824546364,81726.9,,,81.7269
2024,Ireland,614.5460211237902,355672.30000000005,,,355.67230000000006
2024,Italy,3134.354368979215,832559.1000000001,,,832.5591000000001
2024,Latvia,73.1725959332775,11583.0,,,11.583
2024,Lithuania,136.05744591820698,28850.1,,,28.850099999999998
2024,Luxembourg,85.774028129325,11740.2,,,11.740200000000002
2024,Netherlands,1271.5735585550087,309706.0,,,309.706
2024,Norway,502.2620635264033,193174.6,,,193.1746
2024,Poland,1611.3000738752191,358158.30000000005,,,358.15830000000005
2024,Portugal,445.0964470178643,88205.0,,,88.205
2024,Romania,815.863986076619,135974.1,,,135.9741
2024,Slovakia,217.30239165135544,58939.0,,,58.939
2024,Slovenia,102.957784218453,32653.0,,,32.653
2024,Spain,2350.1080028104298,483053.0,,,483.053
2024,Sweden,660.660190877616,194097.59999999998,,,194.09759999999997
2025,Austria,579.0854503805015,201073.90000000002,0.271,133.3923334951485,201.07390000000004
2025,Belgium,755.6440868476168,191184.2,0.2118,136.03860495517642,191.1842
2025,Bulgaria,226.2968457839624,37454.8,0.2567,49.37684026583167,37.454800000000006
2025,Croatia,172.3762471523955,27051.100000000002,0.2385,34.94497470396938,27.0511
2025,Czechia,533.2785334496549,166805.2,0.3511,159.14897913004776,166.8052
2025,Denmark,452.5401526708121,178831.2,0.2141,82.35551968379775,178.83120000000002
2025,Estonia,58.359359204460596,12700.0,0.2446,12.133494372199403,12.7
2025,Finland,316.4379575678848,103150.0,0.2556,68.74931066119865,103.15
2025,France,3767.37162980656,782403.7,0.1899,608.110291625226,782.4037
2025,Germany,5192.489905366195,1911868.0,0.2889,1275.0937836112496,1911.868
2025,Greece,395.4094706197907,60341.100000000006,0.1543,51.85992911913864,60.341100000000004
2025,Hungary,392.58871653512574,83409.4,0.2884,96.23919797142072,83.40939999999999
2025,Ireland,639.6609873354126,457815.1,0.3323,180.67544417782398,457.8151
2025,Italy,3158.8865190776773,849970.4,0.2237,600.6464771700249,849.9704
2025,Latvia,73.93333068260091,12336.599999999999,0.1987,12.48696988563788,12.336599999999999
2025,Lithuania,140.66872191392662,29726.7,0.2688,32.13998958289395,29.7267
2025,Luxembourg,87.4830724573859,11279.0,0.1153,8.573778516186104,11.279
2025,Netherlands,1287.1537140425141,327416.0,0.1905,208.4223651463341,327.416
2025,Norway,503.1090105720906,191052.19999999998,0.3333,142.53329824012613,191.05219999999997
2025,Poland,1661.8140776943615,365524.5,0.3146,444.3857025162492,365.5245
2025,Portugal,454.16053654441146,90652.5,0.21,81.06765577317744,90.6525
2025,Romania,828.3858651027415,141262.8,0.2885,203.14092376981978,141.2628
2025,Slovakia,220.05972530805684,60578.9,0.3189,59.65048944062843,60.578900000000004
2025,Slovenia,104.831479229655,33087.5,0.2995,26.68747382488942,33.0875
2025,Spain,2417.441738978279,509049.0,0.2118,435.21203626825945,509.049
2025,Sweden,670.52011898382,198804.4,0.2417,137.75500584463092,198.8044
2026,Austria,586.1559870451061,,,,
2026,Belgium,764.6873733320036,,,,
2026,Bulgaria,232.06927065720427,,,,
2026,Croatia,178.14332497121,,,,
2026,Czechia,545.8948384263492,,,,
2026,Denmark,459.9443054264736,,,,
2026,Estonia,60.146011021934406,,,,
2026,Finland,320.86226872881366,,,,
2026,France,3800.710186112083,,,,
2026,Germany,5254.229383435376,,,,
2026,Greece,404.6961013997532,,,,
2026,Hungary,401.11701083977675,,,,
2026,Ireland,658.6909871013154,,,,
2026,Italy,3187.6484857465966,,,,
2026,Latvia,75.2693114039932,,,,
2026,Lithuania,144.9709707076318,,,,
2026,Luxembourg,89.5006149899642,,,,
2026,Netherlands,1299.980307038915,,,,
2026,Norway,510.58335707002885,,,,
2026,Poland,1755.2955144682965,,,,
2026,Portugal,465.52111086949316,,,,
2026,Romania,851.1822389287021,,,,
2026,Slovakia,227.838033862656,,,,
2026,Slovenia,107.41189868522999,,,,
2026,Spain,2477.978355546711,,,,
2026,Sweden,683.7734654068302,,,,
2027,Austria,600.1057508129999,,,,
2027,Belgium,778.06150748966,,,,
2027,Bulgaria,240.14913082608,,,,
2027,Croatia,183.49621934028,,,,
2027,Czechia,555.19185378748,,,,
2027,Denmark,468.30807183317,,,,
2027,Estonia,62.168368597720004,,,,
2027,Finland,327.4129689791,,,,
2027,France,3861.7342920138,,,,
2027,Germany,5298.41233360553,,,,
2027,Greece,416.34876088194994,,,,
2027,Hungary,416.58013918048005,,,,
2027,Ireland,679.8803363736,,,,
2027,Italy,3228.6394327113603,,,,
2027,Latvia,76.65127984098,,,,
2027,Lithuania,150.39139562028,,,,
2027,Luxembourg,91.86372811519999,,,,
2027,Netherlands,1325.62863664182,,,,
2027,Norway,514.72790347851,,,,
2027,Poland,1792.2821874878703,,,,
2027,Portugal,476.28295845186,,,,
2027,Romania,885.9117273451201,,,,
2027,Slovakia,232.9739432902,,,,
2027,Slovenia,109.70109645624001,,,,
2027,Spain,2532.02643540735,,,,
2027,Sweden,699.39867989235,,,,
2028,Austria,610.862421526,,,,
2028,Belgium,791.21836383018,,,,
2028,Bulgaria,247.07300426599997,,,,
2028,Croatia,188.9769927275,,,,
2028,Czechia,564.5240913936,,,,
2028,Denmark,476.28063037799996,,,,
2028,Estonia,63.93280874904001,,,,
2028,Finland,333.18570163788,,,,
2028,France,3923.649455852,,,,
2028,Germany,5338.628606681799,,,,
2028,Greece,427.21523470858,,,,
2028,Hungary,429.27501042824997,,,,
2028,Ireland,700.265398586,,,,
2028,Italy,3268.57451071875,,,,
2028,Latvia,78.04423684160001,,,,
2028,Lithuania,154.6688656953,,,,
2028,Luxembourg,93.99929445419998,,,,
2028,Netherlands,1348.6501715454,,,,
2028,Norway,518.20695790703,,,,
2028,Poland,1831.46783886178,,,,
2028,Portugal,487.01425611552,,,,
2028,Romania,912.72526808785,,,,
2028,Slovakia,237.86020389198,,,,
2028,Slovenia,111.78259467762,,,,
2028,Spain,2588.6994408276,,,,
2028,Sweden,713.4803275016001,,,,
2029,Austria,620.05312890864,,,,
2029,Belgium,804.55361361675,,,,
2029,Bulgaria,253.20653367927,,,,
2029,Croatia,194.43185911236003,,,,
2029,Czechia,574.3507926160199,,,,
2029,Denmark,484.07529081534994,,,,
2029,Estonia,65.57433323597,,,,
2029,Finland,338.6609362728,,,,
2029,France,3986.44185450225,,,,
2029,Germany,5376.6479552202,,,,
2029,Greece,437.63154743493004,,,,
2029,Hungary,440.35205195376,,,,
2029,Ireland,719.9777698904,,,,
2029,Italy,3307.009471577,,,,
2029,Latvia,79.49036273184001,,,,
2029,Lithuania,158.24998730268,,,,
2029,Luxembourg,95.9485390176,,,,
2029,Netherlands,1370.3773980632402,,,,
2029,Norway,521.9939206775999,,,,
2029,Poland,1872.18976823736,,,,
2029,Portugal,497.95781708275,,,,
2029,Romania,933.8919343831999,,,,
2029,Slovakia,242.71391585115,,,,
2029,Slovenia,113.68404067590002,,,,
2029,Spain,2643.3424701119798,,,,
2029,Sweden,727.12538589345,,,,
2030,Austria,628.6699289088001,,0.2636,140.85978427130573,
2030,Belgium,818.1751984337601,,0.205,142.56702832708268,
2030,Bulgaria,258.74254630626,,0.2454,53.97110773402277,
2030,Croatia,199.81849617492,,0.232,39.404207445694226,
2030,Czechia,584.5699535900001,,0.3355,166.7047365150283,
2030,Denmark,491.81717722610006,,0.2091,87.4131259942809,
2030,Estonia,67.15053380393,,0.2316,13.21925408464166,
2030,Finland,344.05306852859997,,0.2491,72.8480764649031,
2030,France,4050.6707619456397,,0.1849,636.6236703011865,
2030,Germany,5416.27950080073,,0.2829,1302.4256501600473,
2030,Greece,447.63274285520004,,0.149,56.692686882611085,
2030,Hungary,450.3851703956,,0.2792,106.88540863828379,
2030,Ireland,739.0031929848,,0.323,202.8933266339768,
2030,Italy,3345.12037922055,,0.2187,621.8411528952041,
2030,Latvia,80.98188815680001,,0.1901,13.085458397816529,
2030,Lithuania,161.30326125501,,0.2603,35.689153068977234,
2030,Luxembourg,97.97331494699999,,0.1124,9.360370510036379,
2030,Netherlands,1391.70173491563,,0.185,218.8450978154828,
2030,Norway,526.1812464725899,,0.3288,147.05713476415943,
2030,Poland,1913.31504699192,,0.3035,493.58744924774055,
2030,Portugal,508.18733232316,,0.2043,88.24927119457834,
2030,Romania,950.73601208565,,0.2778,224.49729453378453,
2030,Slovakia,247.61645688245002,,0.308,64.82598841182542,
2030,Slovenia,115.44846562087999,,0.2899,28.44823365596914,
2030,Spain,2697.25496959061,,0.2079,476.64541195120466,
2030,Sweden,740.90440390428,,0.235,147.99565467987992,
2031,Austria,637.18545627352,,,,
2031,Belgium,832.16179690618,,,,
2031,Bulgaria,263.78308187714,,,,
2031,Croatia,204.97654096248,,,,
2031,Czechia,595.0096131842,,,,
2031,Denmark,499.6103689016,,,,
2031,Estonia,68.71596382868998,,,,
2031,Finland,349.41702664498,,,,
2031,France,4116.94753923456,,,,
2031,Germany,5458.55457768712,,,,
2031,Greece,457.23642081951994,,,,
2031,Hungary,459.91459765224,,,,
2031,Ireland,757.2454505456,,,,
2031,Italy,3381.63978929852,,,,
2031,Latvia,82.51900418386,,,,
2031,Lithuania,163.98035883684,,,,
2031,Luxembourg,100.01343001080001,,,,
2031,Netherlands,1412.96602450409,,,,
2031,Norway,530.7204451968,,,,
2031,Poland,1953.8844736290002,,,,
2031,Portugal,517.7962861143,,,,
2031,Romania,964.11977765162,,,,
2031,Slovakia,252.5673380607,,,,
2031,Slovenia,117.13280570936001,,,,
2031,Spain,2750.4624786687996,,,,
2031,Sweden,755.1308599296001,,,,
2032,Austria,645.76990388922,,,,
2032,Belgium,846.4169765040601,,,,
2032,Bulgaria,268.35729142229997,,,,
2032,Croatia,209.91415807812004,,,,
2032,Czechia,605.552389112,,,,
2032,Denmark,507.46869936603997,,,,
2032,Estonia,70.313145672,,,,
2032,Finland,354.77798949828,,,,
2032,France,4185.22406398956,,,,
2032,Germany,5506.54709726052,,,,
2032,Greece,466.4441178423601,,,,
2032,Hungary,469.3116841536,,,,
2032,Ireland,774.4241289524999,,,,
2032,Italy,3417.19656928254,,,,
2032,Latvia,84.0574411335,,,,
2032,Lithuania,166.33989579663998,,,,
2032,Luxembourg,102.12348508649998,,,,
2032,Netherlands,1434.30657883565,,,,
2032,Norway,535.5819282839401,,,,
2032,Poland,1993.2941962149998,,,,
2032,Portugal,526.8334272357001,,,,
2032,Romania,975.1531372198,,,,
2032,Slovakia,257.5510713243,,,,
2032,Slovenia,118.78672952663999,,,,
2032,Spain,2801.7231355675,,,,
2032,Sweden,770.1315027275201,,,,
2033,Austria,654.70700841099,,,,
2033,Belgium,860.8893963215498,,,,
2033,Bulgaria,272.69429005056,,,,
2033,Croatia,214.70307411852002,,,,
2033,Czechia,616.23546122905,,,,
2033,Denmark,515.5832924266499,,,,
2033,Estonia,71.95337698895999,,,,
2033,Finland,360.27540594606,,,,
2033,France,4253.6842407468,,,,
2033,Germany,5559.255929209,,,,
2033,Greece,475.52472698499,,,,
2033,Hungary,478.57806377873,,,,
2033,Ireland,791.1940955903999,,,,
2033,Italy,3452.28101845374,,,,
2033,Latvia,85.58254268293,,,,
2033,Lithuania,168.59681713261,,,,
2033,Luxembourg,104.2214352619,,,,
2033,Netherlands,1456.13839585905,,,,
2033,Norway,540.6686362877199,,,,
2033,Poland,2031.5517409745298,,,,
2033,Portugal,536.02327391652,,,,
2033,Romania,985.7863895153702,,,,
2033,Slovakia,262.4946921871,,,,
2033,Slovenia,120.45635125343998,,,,
2033,Spain,2851.6697309023803,,,,
2033,Sweden,785.43832143753,,,,
2034,Austria,664.0509519260402,,,,
2034,Belgium,875.53931815644,,,,
2034,Bulgaria,276.89318982244,,,,
2034,Croatia,219.26744035212,,,,
2034,Czechia,626.8585258836,,,,
2034,Denmark,523.8690722921599,,,,
2034,Estonia,73.64782836575999,,,,
2034,Finland,365.89327896146,,,,
2034,France,4322.4850915302595,,,,
2034,Germany,5618.9183328499,,,,
2034,Greece,484.18551637956,,,,
2034,Hungary,487.37271189358,,,,
2034,Ireland,807.3640006695001,,,,
2034,Italy,3487.31227161998,,,,
2034,Latvia,87.09204820764,,,,
2034,Lithuania,170.8888800062,,,,
2034,Luxembourg,106.3675768272,,,,
2034,Netherlands,1478.54971960554,,,,
2034,Norway,545.9030063362401,,,,
2034,Poland,2068.42349223675,,,,
2034,Portugal,545.05506133824,,,,
2034,Romania,995.67191199375,,,,
2034,Slovakia,267.29151310365,,,,
2034,Slovenia,122.1582628194,,,,
2034,Spain,2899.9531535455,,,,
2034,Sweden,801.35535174625,,,,
2035,Austria,674.1927248562099,,0.2551,146.18857949419626,
2035,Belgium,890.4959825924699,,0.1966,148.81078365102763,
2035,Bulgaria,280.86449558104,,0.2344,55.95944209956641,
2035,Croatia,223.54026514978003,,0.2264,43.018088625423665,
2035,Czechia,637.0777094847,,0.3188,172.635317716164,
2035,Denmark,532.4062340498,,0.2047,92.63602269349495,
2035,Estonia,75.39559538072,,0.2185,14.002846952084223,
2035,Finland,371.56376830056,,0.2416,76.304335458203,
2035,France,4391.5867404909195,,0.1793,669.2997771845186,
2035,Germany,5684.266593273601,,0.276,1333.5289427819869,
2035,Greece,492.38442567743994,,0.1428,59.76562158872766,
2035,Hungary,495.34486016893004,,0.2707,113.97637560056997,
2035,Ireland,822.6383004531001,,0.3208,224.31701176755132,
2035,Italy,3522.6128923026404,,0.2132,638.3679083430844,
2035,Latvia,88.60568103162,,0.1831,13.79014516735618,
2035,Lithuania,173.39298092317,,0.2525,37.214468530635365,
2035,Luxembourg,108.57516583200001,,0.11,10.151778005292002,
2035,Netherlands,1502.2636793649601,,0.1796,229.3355732918548,
2035,Norway,551.26918134981,,0.3244,152.0069640653966,
2035,Poland,2102.99185545944,,0.2936,524.8226474484579,
2035,Portugal,553.8017420676802,,0.1995,93.91093041112686,
2035,Romania,1004.4849664741499,,0.2694,230.01701247291555,
2035,Slovakia,271.78238186813996,,0.2966,68.51905629277677,
2035,Slovenia,123.8620481878,,0.2813,29.61603503194392,
2035,Spain,2946.80143579589,,0.2041,511.22584708905003,
2035,Sweden,818.0580581516,,0.2277,158.33104686495145,
2036,Austria,684.9025445455701,,,,
2036,Belgium,905.6626314678001,,,,
2036,Bulgaria,284.55824828339996,,,,
2036,Croatia,227.42991201959998,,,,
2036,Czechia,646.36079150808,,,,
2036,Denmark,541.18341110456,,,,
2036,Estonia,77.16120823349999,,,,
2036,Finland,377.3333219656,,,,
2036,France,4461.366812520961,,,,
2036,Germany,5757.17894149426,,,,
2036,Greece,500.2015791014,,,,
2036,Hungary,502.25679436895996,,,,
2036,Ireland,837.1006545408002,,,,
2036,Italy,3558.2078406195196,,,,
2036,Latvia,90.13368279006,,,,
2036,Lithuania,176.08278985399997,,,,
2036,Luxembourg,110.83013457989998,,,,
2036,Netherlands,1527.0846649937603,,,,
2036,Norway,556.7465924024001,,,,
2036,Poland,2134.03671732049,,,,
2036,Portugal,562.0406254491,,,,
2036,Romania,1012.2778686201201,,,,
2036,Slovakia,275.8131103893,,,,
2036,Slovenia,125.57175594926,,,,
2036,Spain,2992.46112415269,,,,
2036,Sweden,835.3858094788999,,,,
2037,Austria,695.9027037683301,,,,
2037,Belgium,920.9496692655999,,,,
2037,Bulgaria,288.12939564195,,,,
2037,Croatia,231.18499938198002,,,,
2037,Czechia,655.6446876584799,,,,
2037,Denmark,550.19057539392,,,,
2037,Estonia,78.97387546350001,,,,
2037,Finland,383.32359519610003,,,,
2037,France,4532.66325730183,,,,
2037,Germany,5837.7411141636,,,,
2037,Greece,507.87300139020005,,,,
2037,Hungary,508.80208416767994,,,,
2037,Ireland,851.2055500473001,,,,
2037,Italy,3593.90303684692,,,,
2037,Latvia,91.67503411948002,,,,
2037,Lithuania,178.85404368887998,,,,
2037,Luxembourg,113.11825356759998,,,,
2037,Netherlands,1553.1885598172796,,,,
2037,Norway,562.6705298436,,,,
2037,Poland,2163.89110995782,,,,
2037,Portugal,570.1642919495999,,,,
2037,Romania,1019.7861891468299,,,,
2037,Slovakia,279.78067078143005,,,,
2037,Slovenia,127.24539882575002,,,,
2037,Spain,3037.0215373536003,,,,
2037,Sweden,853.0217961489001,,,,
2038,Austria,707.0749845568799,,,,
2038,Belgium,935.8803218312901,,,,
2038,Bulgaria,291.61437105491996,,,,
2038,Croatia,234.74450209655998,,,,
2038,Czechia,664.15673083525,,,,
2038,Denmark,559.1975118576,,,,
2038,Estonia,80.77917247497,,,,
2038,Finland,389.32396940423996,,,,
2038,France,4603.67496246486,,,,
2038,Germany,5920.490297356881,,,,
2038,Greece,515.34294859464,,,,
2038,Hungary,515.0885252976,,,,
2038,Ireland,864.3696336904001,,,,
2038,Italy,3629.57384778268,,,,
2038,Latvia,93.18186607773,,,,
2038,Lithuania,181.65922905474002,,,,
2038,Luxembourg,115.41202079960001,,,,
2038,Netherlands,1580.44834357371,,,,
2038,Norway,568.6901654788801,,,,
2038,Poland,2190.9013296544003,,,,
2038,Portugal,578.09400072672,,,,
2038,Romania,1027.0680669099002,,,,
2038,Slovakia,283.46732082256,,,,
2038,Slovenia,128.87676837444,,,,
2038,Spain,3079.7899960279,,,,
2038,Sweden,870.65680775538,,,,
2039,Austria,717.7952939974499,,,,
2039,Belgium,950.2999755016799,,,,
2039,Bulgaria,294.9692034876,,,,
2039,Croatia,238.02610923718,,,,
2039,Czechia,671.8361746799999,,,,
2039,Denmark,568.0205378706399,,,,
2039,Estonia,82.58317640544,,,,
2039,Finland,395.26075850707,,,,
2039,France,4673.6645215906,,,,
2039,Germany,6006.18448819552,,,,
2039,Greece,522.6241135517499,,,,
2039,Hungary,520.9992579132,,,,
2039,Ireland,876.7467617648001,,,,
2039,Italy,3664.514246327,,,,
2039,Latvia,94.6576024992,,,,
2039,Lithuania,184.47393004545003,,,,
2039,Luxembourg,117.6820453408,,,,
2039,Netherlands,1608.45539415426,,,,
2039,Norway,574.76104132557,,,,
2039,Poland,2215.4383176978,,,,
2039,Portugal,585.8991018252,,,,
2039,Romania,1034.6264650569601,,,,
2039,Slovakia,286.85801530936,,,,
2039,Slovenia,130.41602465900002,,,,
2039,Spain,3120.1032722535197,,,,
2039,Sweden,888.0399676699201,,,,
2040,Austria,728.5240597406801,,0.2471,153.0155508876337,
2040,Belgium,964.3921821126601,,0.1892,155.09355072735798,
2040,Bulgaria,298.30407160668,,0.2252,57.10136538695069,
2040,Croatia,241.01566591291999,,0.2225,45.582087815780994,
2040,Czechia,679.16413646361,,0.3044,175.72692866859447,
2040,Denmark,576.94710781428,,0.2008,98.47333236174131,
2040,Estonia,84.4081432395,,0.2083,14.944883801269675,
2040,Finland,401.20448995043995,,0.2344,79.93598257772565,
2040,France,4743.112099170849,,0.1741,701.9094439957981,
2040,Germany,6093.84578864289,,0.2685,1390.7679551130236,
2040,Greece,529.64519478822,,0.1372,61.76722261620221,
2040,Hungary,526.8645837082,,0.2635,118.0044951360441,
2040,Ireland,888.6625618255,,0.3216,242.9247979006187,
2040,Italy,3699.89840277434,,0.2088,656.6579685243898,
2040,Latvia,96.12996909940001,,0.1778,14.528122229992325,
2040,Lithuania,187.35621340173,,0.2459,39.16025894416259,
2040,Luxembourg,119.95859159339999,,0.1094,11.154949432270264,
2040,Netherlands,1637.65198764755,,0.1739,242.0695285541226,
2040,Norway,580.95492226845,,0.3208,158.41478820416094,
2040,Poland,2237.38649272859,,0.2852,542.3872335672647,
2040,Portugal,593.5880744515201,,0.1953,98.5385882993246,
2040,Romania,1042.6137365506202,,0.2641,234.05114464956597,
2040,Slovakia,289.99879778646005,,0.2853,70.3261584572055,
2040,Slovenia,131.9013315228,,0.2733,30.641338819404055,
2040,Spain,3158.29045036596,,0.2013,540.3992875098676,
2040,Sweden,905.3020269497799,,0.2207,169.83013374564396,
2041,Austria,739.0832841827599,,,,
2041,Belgium,978.3673932282002,,,,
2041,Bulgaria,301.57437759071996,,,,
2041,Croatia,243.72429317103,,,,
2041,Czechia,686.5296909786101,,,,
2041,Denmark,585.9134607823501,,,,
2041,Estonia,86.24690971851999,,,,
2041,Finland,407.10138068186995,,,,
2041,France,4812.681774042921,,,,
2041,Germany,6182.83197535151,,,,
2041,Greece,536.38164736476,,,,
2041,Hungary,532.6541702424,,,,
2041,Ireland,899.8759210415999,,,,
2041,Italy,3735.3527699658,,,,
2041,Latvia,97.56712943094,,,,
2041,Lithuania,190.1694542076,,,,
2041,Luxembourg,122.25223762639999,,,,
2041,Netherlands,1668.08563333002,,,,
2041,Norway,587.3399955133201,,,,
2041,Poland,2256.6016369202403,,,,
2041,Portugal,601.2177717928801,,,,
2041,Romania,1050.58369553184,,,,
2041,Slovakia,292.99549899338,,,,
2041,Slovenia,133.30056420855,,,,
2041,Spain,3194.73086695932,,,,
2041,Sweden,922.6211422797599,,,,
2042,Austria,749.3675427603199,,,,
2042,Belgium,992.2251480620699,,,,
2042,Bulgaria,304.81546670456,,,,
2042,Croatia,246.22141275483997,,,,
2042,Czechia,694.26767958453,,,,
2042,Denmark,595.0914620508,,,,
2042,Estonia,88.0931566135,,,,
2042,Finland,412.96041907575,,,,
2042,France,4883.43996282,,,,
2042,Germany,6271.05859899412,,,,
2042,Greece,542.7806310053401,,,,
2042,Hungary,538.41256812468,,,,
2042,Ireland,910.6744946992001,,,,
2042,Italy,3771.5346314602602,,,,
2042,Latvia,98.9766719468,,,,
2042,Lithuania,192.94640959455998,,,,
2042,Luxembourg,124.514785476,,,,
2042,Netherlands,1699.73434474885,,,,
2042,Norway,593.80681278645,,,,
2042,Poland,2273.0245514969197,,,,
2042,Portugal,608.77774638608,,,,
2042,Romania,1057.61398218511,,,,
2042,Slovakia,295.90742992063997,,,,
2042,Slovenia,134.68217217352,,,,
2042,Spain,3229.92278889888,,,,
2042,Sweden,940.243072131,,,,
2043,Austria,759.39544979532,,,,
2043,Belgium,1005.9917786553601,,,,
2043,Bulgaria,307.91882839236996,,,,
2043,Croatia,248.55765698996004,,,,
2043,Czechia,702.256480449,,,,
2043,Denmark,604.67645223878,,,,
2043,Estonia,89.90781418779,,,,
2043,Finland,418.75104778422,,,,
2043,France,4955.55339940906,,,,
2043,Germany,6357.91043133072,,,,
2043,Greece,548.77297050202,,,,
2043,Hungary,544.1753792719501,,,,
2043,Ireland,921.3073041786,,,,
2043,Italy,3809.1519905568,,,,
2043,Latvia,100.29627125436,,,,
2043,Lithuania,195.6302092941,,,,
2043,Luxembourg,126.7406494406,,,,
2043,Netherlands,1732.0545998933999,,,,
2043,Norway,600.3864539518299,,,,
2043,Poland,2286.7031878158004,,,,
2043,Portugal,616.57581675681,,,,
2043,Romania,1062.3844047062198,,,,
2043,Slovakia,298.71031946985,,,,
2043,Slovenia,136.06940190914997,,,,
2043,Spain,3264.82079882596,,,,
2043,Sweden,957.91278357168,,,,
2044,Austria,768.9978432716998,,,,
2044,Belgium,1019.41358816997,,,,
2044,Bulgaria,310.84334122249,,,,
2044,Croatia,250.77717288455997,,,,
2044,Czechia,710.4544978061999,,,,
2044,Denmark,614.70111915192,,,,
2044,Estonia,91.65724974748998,,,,
2044,Finland,424.5632378064,,,,
2044,France,5028.4577801232,,,,
2044,Germany,6443.722762529639,,,,
2044,Greece,554.6256084824699,,,,
2044,Hungary,550.06215350769,,,,
2044,Ireland,931.5948579615999,,,,
2044,Italy,3848.44199058961,,,,
2044,Latvia,101.54643869128002,,,,
2044,Lithuania,198.20772579768,,,,
2044,Luxembourg,128.97288835199998,,,,
2044,Netherlands,1764.4006262487003,,,,
2044,Norway,607.035910531,,,,
2044,Poland,2297.74887080428,,,,
2044,Portugal,624.7051847946,,,,
2044,Romania,1066.1672101104,,,,
2044,Slovakia,301.39712707986,,,,
2044,Slovenia,137.4779093886,,,,
2044,Spain,3299.48031996778,,,,
2044,Sweden,975.79728812036,,,,
2045,Austria,778.43517868724,,0.239,158.1391065503128,
2045,Belgium,1032.33405203838,,0.1822,159.8775746391839,
2045,Bulgaria,313.7178778544,,0.2171,57.8919285898617,
2045,Croatia,252.94784998803001,,0.219,47.086242275271786,
2045,Czechia,718.7830829764199,,0.2925,178.7074440050124,
2045,Denmark,625.06394731024,,0.1958,104.02939275084324,
2045,Estonia,93.33561791806,,0.1993,15.811520353408952,
2045,Finland,430.4371560929999,,0.2275,83.23578505948386,
2045,France,5100.892886303759,,0.1689,732.3096872221992,
2045,Germany,6527.8145849598,,0.2608,1447.0859371938884,
2045,Greece,560.4810335701001,,0.1317,62.74304930300486,
2045,Hungary,556.3257974979,,0.2562,121.15106892111767,
2045,Ireland,941.4670356874999,,0.323,258.4797746480031,
2045,Italy,3887.9507185112,,0.2039,673.8401787787686,
2045,Latvia,102.70076932926,,0.173,15.10214812986768,
2045,Lithuania,200.5826473554,,0.24,40.9188600605016,
2045,Luxembourg,131.17233284040003,,0.1091,12.164266285954497,
2045,Netherlands,1796.5946136679297,,0.1677,256.09557920529505,
2045,Norway,613.6972971182,,0.317,165.360736708499,
2045,Poland,2306.41312592356,,0.2781,545.2014667714408,
2045,Portugal,633.08157713488,,0.1908,102.67317017973484,
2045,Romania,1070.55524521088,,0.2592,235.8647316248611,
2045,Slovakia,303.93739699907997,,0.275,71.04536654853494,
2045,Slovenia,138.92161900242,,0.2656,31.362944705986337,
2045,Spain,3335.1190597499503,,0.1985,562.7179633563104,
2045,Sweden,993.6950718140598,,0.2138,180.58420540076906,
2046,Austria,787.5859212724,,,,
2046,Belgium,1044.86371272502,,,,
2046,Bulgaria,316.66608737025,,,,
2046,Croatia,255.02418473216,,,,
2046,Czechia,727.19668559356,,,,
2046,Denmark,635.4500562,,,,
2046,Estonia,94.93630449281999,,,,
2046,Finland,436.4124674471999,,,,
2046,France,5172.8281875333,,,,
2046,Germany,6610.44831134927,,,,
2046,Greece,566.4156089499601,,,,
2046,Hungary,563.08931993976,,,,
2046,Ireland,951.2546550804001,,,,
2046,Italy,3928.42963689709,,,,
2046,Latvia,103.77281963520998,,,,
2046,Lithuania,202.79105520209998,,,,
2046,Luxembourg,133.3307809236,,,,
2046,Netherlands,1828.64873259744,,,,
2046,Norway,620.3103989076,,,,
2046,Poland,2312.9428905858003,,,,
2046,Portugal,641.74296380716,,,,
2046,Romania,1075.95118908048,,,,
2046,Slovakia,306.3253998444,,,,
2046,Slovenia,140.39013912430002,,,,
2046,Spain,3372.10407793844,,,,
2046,Sweden,1011.3874078704399,,,,
2047,Austria,796.53953268032,,,,
2047,Belgium,1056.9972188778602,,,,
2047,Bulgaria,319.75703500012,,,,
2047,Croatia,256.98049075584004,,,,
2047,Czechia,735.6822048896399,,,,
2047,Denmark,645.8461554978,,,,
2047,Estonia,96.46789688542,,,,
2047,Finland,442.46011753152004,,,,
2047,France,5244.453848706999,,,,
2047,Germany,6691.64081018026,,,,
2047,Greece,572.51176653792,,,,
2047,Hungary,570.33436776582,,,,
2047,Ireland,961.3460634237,,,,
2047,Italy,3968.9498373095403,,,,
2047,Latvia,104.72645381145,,,,
2047,Lithuania,204.8215648401,,,,
2047,Luxembourg,135.47770250829998,,,,
2047,Netherlands,1860.6938209826199,,,,
2047,Norway,626.9630275656,,,,
2047,Poland,2317.5151988645603,,,,
2047,Portugal,650.69174969557,,,,
2047,Romania,1082.065887684,,,,
2047,Slovakia,308.58978211839997,,,,
2047,Slovenia,141.85663840335002,,,,
2047,Spain,3410.4876994937003,,,,
2047,Sweden,1028.70714509758,,,,
2048,Austria,805.2536093343601,,,,
2048,Belgium,1068.8925423033,,,,
2048,Bulgaria,322.91504846272,,,,
2048,Croatia,258.90408939691997,,,,
2048,Czechia,744.01508124828,,,,
2048,Denmark,656.131369095,,,,
2048,Estonia,97.9449523899,,,,
2048,Finland,448.60867008336,,,,
2048,France,5316.223618473659,,,,
2048,Germany,6773.12724126402,,,,
2048,Greece,579.0094060935099,,,,
2048,Hungary,577.8563054503201,,,,
2048,Ireland,971.725235992,,,,
2048,Italy,4010.079827897939,,,,
2048,Latvia,105.60378092544,,,,
2048,Lithuania,206.75663635880002,,,,
2048,Luxembourg,137.603138915,,,,
2048,Netherlands,1893.3910063423202,,,,
2048,Norway,633.594603776,,,,
2048,Poland,2320.84516196634,,,,
2048,Portugal,659.96612972913,,,,
2048,Romania,1088.50745660895,,,,
2048,Slovakia,310.7005844451,,,,
2048,Slovenia,143.34454624811002,,,,
2048,Spain,3450.76105741212,,,,
2048,Sweden,1045.6599187016,,,,
2049,Austria,813.72543663535,,,,
2049,Belgium,1080.652654473,,,,
2049,Bulgaria,325.90237231168,,,,
2049,Croatia,260.80985270079003,,,,
2049,Czechia,751.9920804256001,,,,
2049,Denmark,666.3544319496001,,,,
2049,Estonia,99.37110442108998,,,,
2049,Finland,454.76709537042,,,,
2049,France,5389.404974672821,,,,
2049,Germany,6855.595309805651,,,,
2049,Greece,585.7339150856701,,,,
2049,Hungary,585.3046565220801,,,,
2049,Ireland,982.4419099329,,,,
2049,Italy,4050.44716632975,,,,
2049,Latvia,106.42213796731001,,,,
2049,Lithuania,208.52927565806002,,,,
2049,Luxembourg,139.682757258,,,,
2049,Netherlands,1926.2390665012,,,,
2049,Norway,640.1510306304001,,,,
2049,Poland,2323.3832440352003,,,,
2049,Portugal,669.47970406746,,,,
2049,Romania,1094.7039619673299,,,,
2049,Slovakia,312.64759935834996,,,,
2049,Slovenia,144.85878172259999,,,,
2049,Spain,3492.5988607268405,,,,
2049,Sweden,1062.31167737346,,,,
2050,Austria,822.0314187111,,0.2315,161.75523241687668,
2050,Belgium,1092.3297823668,,0.1757,163.13399134756975,
2050,Bulgaria,328.70867434405,,0.2099,58.646558133093684,
2050,Croatia,262.76667913367,,0.2159,48.22162712121545,
2050,Czechia,759.6408575215701,,0.281,181.44021881902702,
2050,Denmark,676.4805489882,,0.1904,109.48161204825028,
2050,Estonia,100.75941139836,,0.1918,16.426806840274633,
2050,Finland,460.8087064412,,0.2208,86.48457802488441,
2050,France,5465.5993995915,,0.1639,761.4399803540897,
2050,Germany,6936.35600480368,,0.2535,1494.6113101350727,
2050,Greece,592.7793847716,,0.1261,63.53705835674394,
2050,Hungary,592.3541099381999,,0.2487,125.22069707038577,
2050,Ireland,993.88957898,,0.3241,273.80167066530527,
2050,Italy,4090.9338778608,,0.1984,689.8950891624453,
2050,Latvia,107.17383926436,,0.169,15.395522010325314,
2050,Lithuania,210.11319989888,,0.2357,42.09512903374111,
2050,Luxembourg,141.7529103175,,0.1089,13.121358143539387,
2050,Netherlands,1959.101086739,,0.1616,269.102125274469,
2050,Norway,646.7488114725,,0.3117,171.35286385558152,
2050,Poland,2325.5205152407802,,0.2721,537.8580123674639,
2050,Portugal,679.3753451284,,0.1857,107.2360013517923,
2050,Romania,1100.4789419694,,0.2544,237.96756641146305,
2050,Slovakia,314.47267332161005,,0.2655,70.96862055185436,
2050,Slovenia,146.45713104624,,0.2582,32.142946550718285,
2050,Spain,3536.73567639602,,0.195,586.2139383626403,
2050,Sweden,1078.71061860442,,0.2076,190.34927575893596,
2051,Austria,830.14038321841,,,,
2051,Belgium,1103.87260902216,,,,
2051,Bulgaria,331.43632524576003,,,,
2051,Croatia,264.80500993259994,,,,
2051,Czechia,767.31666393084,,,,
2051,Denmark,686.4743131821999,,,,
2051,Estonia,102.1060243572,,,,
2051,Finland,466.74916496080004,,,,
2051,France,5544.7939558687485,,,,
2051,Germany,7015.1314390344,,,,
2051,Greece,600.0335957232002,,,,
2051,Hungary,599.0903043677699,,,,
2051,Ireland,1006.0976788824,,,,
2051,Italy,4132.10800861539,,,,
2051,Latvia,107.87073576684001,,,,
2051,Lithuania,211.57809120223996,,,,
2051,Luxembourg,143.78588772999998,,,,
2051,Netherlands,1991.4942416064,,,,
2051,Norway,653.3940270816,,,,
2051,Poland,2327.7940738708503,,,,
2051,Portugal,689.3342556297499,,,,
2051,Romania,1105.92463688376,,,,
2051,Slovakia,316.24436302385004,,,,
2051,Slovenia,148.12659804940003,,,,
2051,Spain,3581.5649572225598,,,,
2051,Sweden,1094.93215316839,,,,
2052,Austria,838.1629535877499,,,,
2052,Belgium,1115.31474277179,,,,
2052,Bulgaria,334.16215535246994,,,,
2052,Croatia,266.90928633164,,,,
2052,Czechia,775.1126687039999,,,,
2052,Denmark,696.4123910751999,,,,
2052,Estonia,103.43251213666001,,,,
2052,Finland,472.71098651535,,,,
2052,France,5626.50800403756,,,,
2052,Germany,7092.0948788000005,,,,
2052,Greece,607.6249285044199,,,,
2052,Hungary,605.7983675621999,,,,
2052,Ireland,1019.0679327108,,,,
2052,Italy,4173.65209252395,,,,
2052,Latvia,108.5354325187,,,,
2052,Lithuania,212.8860777451,,,,
2052,Luxembourg,145.734627808,,,,
2052,Netherlands,2023.6337489951998,,,,
2052,Norway,660.0703573743,,,,
2052,Poland,2330.6352150347,,,,
2052,Portugal,699.4656703601999,,,,
2052,Romania,1111.35486868812,,,,
2052,Slovakia,317.99805821556,,,,
2052,Slovenia,149.85416365864,,,,
2052,Spain,3627.4735379256804,,,,
2052,Sweden,1111.2155193663,,,,
2053,Austria,846.2801246295999,,,,
2053,Belgium,1126.65846908121,,,,
2053,Bulgaria,336.94658956484994,,,,
2053,Croatia,269.07132181391006,,,,
2053,Czechia,783.1138461323299,,,,
2053,Denmark,706.1441150687001,,,,
2053,Estonia,104.75387481147,,,,
2053,Finland,478.75270127920004,,,,
2053,France,5708.9629237749505,,,,
2053,Germany,7167.093203147019,,,,
2053,Greece,615.4726607320199,,,,
2053,Hungary,612.5901083681599,,,,
2053,Ireland,1032.5559205851,,,,
2053,Italy,4216.027341659131,,,,
2053,Latvia,109.24621774845,,,,
2053,Lithuania,214.08148869692,,,,
2053,Luxembourg,147.6889212798,,,,
2053,Netherlands,2054.6096489982,,,,
2053,Norway,666.695951064,,,,
2053,Poland,2334.28741867188,,,,
2053,Portugal,710.00384116948,,,,
2053,Romania,1116.9759480454002,,,,
2053,Slovakia,319.77105844308,,,,
2053,Slovenia,151.69345341998,,,,
2053,Spain,3675.3296939519996,,,,
2053,Sweden,1127.37216297772,,,,
2054,Austria,854.5532751159599,,,,
2054,Belgium,1137.964180276,,,,
2054,Bulgaria,339.91908298005,,,,
2054,Croatia,271.314824171,,,,
2054,Czechia,791.4197092984001,,,,
2054,Denmark,715.6724986291999,,,,
2054,Estonia,106.11273418956,,,,
2054,Finland,484.9290769092,,,,
2054,France,5792.603995217001,,,,
2054,Germany,7243.13244479145,,,,
2054,Greece,623.44866988642,,,,
2054,Hungary,619.4734065686999,,,,
2054,Ireland,1046.5961193585,,,,
2054,Italy,4259.726574368341,,,,
2054,Latvia,109.97861149314,,,,
2054,Lithuania,215.14370021370001,,,,
2054,Luxembourg,149.59720625300002,,,,
2054,Netherlands,2084.93123332,,,,
2054,Norway,673.3307969388001,,,,
2054,Poland,2339.3161288089605,,,,
2054,Portugal,720.9884165372799,,,,
2054,Romania,1122.84940136746,,,,
2054,Slovakia,321.60612765093003,,,,
2054,Slovenia,153.60920760719998,,,,
2054,Spain,3724.8765133226393,,,,
2054,Sweden,1143.48955252004,,,,
2055,Austria,862.77487456282,,,,
2055,Belgium,1149.2024152053202,,,,
2055,Bulgaria,343.11357738699996,,,,
2055,Croatia,273.56198436512994,,,,
2055,Czechia,800.2039026144598,,,,
2055,Denmark,724.8762684275,,,,
2055,Estonia,107.51720354494002,,,,
2055,Finland,491.2277708944,,,,
2055,France,5876.829487429779,,,,
2055,Germany,7319.6764647344,,,,
2055,Greece,631.50383972608,,,,
2055,Hungary,626.4462798568801,,,,
2055,Ireland,1060.7125038047998,,,,
2055,Italy,4303.40208001782,,,,
2055,Latvia,110.76050721848,,,,
2055,Lithuania,216.17887699296,,,,
2055,Luxembourg,151.4642070477,,,,
2055,Netherlands,2114.4286209545,,,,
2055,Norway,679.9047032124,,,,
2055,Poland,2345.64012851817,,,,
2055,Portugal,732.1128355817999,,,,
2055,Romania,1129.37239575611,,,,
2055,Slovakia,323.53500037716,,,,
2055,Slovenia,155.61600985004998,,,,
2055,Spain,3775.3683103934995,,,,
2055,Sweden,1159.558882144,,,,
2056,Austria,870.97107348131,,,,
2056,Belgium,1160.62216167769,,,,
2056,Bulgaria,346.66974612750005,,,,
2056,Croatia,275.86143221448003,,,,
2056,Czechia,809.7007422586499,,,,
2056,Denmark,733.976051451,,,,
2056,Estonia,109.01198807563,,,,
2056,Finland,497.63248497125005,,,,
2056,France,5962.037348196719,,,,
2056,Germany,7397.42316955153,,,,
2056,Greece,639.6840695259001,,,,
2056,Hungary,633.51899297522,,,,
2056,Ireland,1075.5721095064,,,,
2056,Italy,4347.217439544899,,,,
2056,Latvia,111.60865277079,,,,
2056,Lithuania,217.2037420221,,,,
2056,Luxembourg,153.2845538353,,,,
2056,Netherlands,2143.32621097,,,,
2056,Norway,686.50515322,,,,
2056,Poland,2353.50211802304,,,,
2056,Portugal,743.40517961,,,,
2056,Romania,1136.9483083101002,,,,
2056,Slovakia,325.6815321984001,,,,
2056,Slovenia,157.73831473302,,,,
2056,Spain,3827.1889974825,,,,
2056,Sweden,1175.6724601490002,,,,
2057,Austria,879.3119094503999,,,,
2057,Belgium,1172.48744290328,,,,
2057,Bulgaria,350.5973751384001,,,,
2057,Croatia,278.2378562517,,,,
2057,Czechia,819.9121775944,,,,
2057,Denmark,742.990249593,,,,
2057,Estonia,110.593650996,,,,
2057,Finland,504.07949231796,,,,
2057,France,6048.28782910688,,,,
2057,Germany,7476.748309691399,,,,
2057,Greece,648.00127835514,,,,
2057,Hungary,640.7904289366701,,,,
2057,Ireland,1090.3486594851001,,,,
2057,Italy,4391.33568443502,,,,
2057,Latvia,112.55636733960002,,,,
2057,Lithuania,218.17173511355,,,,
2057,Luxembourg,155.1657137515,,,,
2057,Netherlands,2172.0834917240004,,,,
2057,Norway,693.2462431236999,,,,
2057,Poland,2362.8112065197506,,,,
2057,Portugal,754.6122037218299,,,,
2057,Romania,1145.8811040704,,,,
2057,Slovakia,328.02699698208,,,,
2057,Slovenia,159.98325288267998,,,,
2057,Spain,3882.5632364357803,,,,
2057,Sweden,1192.3019119264002,,,,
2058,Austria,888.24953946508,,,,
2058,Belgium,1184.9860826693998,,,,
2058,Bulgaria,354.9498232132,,,,
2058,Croatia,280.582924176,,,,
2058,Czechia,830.69410939026,,,,
2058,Denmark,751.9389243928,,,,
2058,Estonia,112.28995606287,,,,
2058,Finland,510.57402092928,,,,
2058,France,6136.837661359819,,,,
2058,Germany,7561.19223777376,,,,
2058,Greece,656.6423656228801,,,,
2058,Hungary,648.24895204069,,,,
2058,Ireland,1105.914647894,,,,
2058,Italy,4435.607416511821,,,,
2058,Latvia,113.60806764091001,,,,
2058,Lithuania,219.11560224065997,,,,
2058,Luxembourg,157.04105220760002,,,,
2058,Netherlands,2200.7307933648,,,,
2058,Norway,700.1854404850001,,,,
2058,Poland,2373.47319495116,,,,
2058,Portugal,765.7730018072799,,,,
2058,Romania,1156.5689392651798,,,,
2058,Slovakia,330.54902998542,,,,
2058,Slovenia,162.40712069232,,,,
2058,Spain,3939.5471095137505,,,,
2058,Sweden,1209.4936322627998,,,,
2059,Austria,897.7203495576,,,,
2059,Belgium,1197.79338516864,,,,
2059,Bulgaria,359.67797974648,,,,
2059,Croatia,282.95530490304,,,,
2059,Czechia,842.0666670946199,,,,
2059,Denmark,760.8059281251,,,,
2059,Estonia,114.09892488215999,,,,
2059,Finland,517.1214088565,,,,
2059,France,6227.0312571146405,,,,
2059,Germany,7651.24075006633,,,,
2059,Greece,665.66439810212,,,,
2059,Hungary,655.9332498068,,,,
2059,Ireland,1121.6699639406,,,,
2059,Italy,4481.14527041607,,,,
2059,Latvia,114.75627612848,,,,
2059,Lithuania,220.02653684423998,,,,
2059,Luxembourg,158.9395941864,,,,
2059,Netherlands,2229.1500480427003,,,,
2059,Norway,707.2506137184,,,,
2059,Poland,2385.7843190375997,,,,
2059,Portugal,777.147534158,,,,
2059,Romania,1168.4306556587999,,,,
2059,Slovakia,333.29167800700003,,,,
2059,Slovenia,164.92236940237,,,,
2059,Spain,3998.1289050221003,,,,
2059,Sweden,1227.5197305018,,,,
2060,Austria,907.8411345538599,,,,
2060,Belgium,1211.21870146074,,,,
2060,Bulgaria,364.80434524349994,,,,
2060,Croatia,285.27980922552,,,,
2060,Czechia,854.0072193618199,,,,
2060,Denmark,769.7015345835,,,,
2060,Estonia,116.02443674892,,,,
2060,Finland,523.98925985448,,,,
2060,France,6317.6842374282405,,,,
2060,Germany,7744.885380150919,,,,
2060,Greece,675.18358183165,,,,
2060,Hungary,663.8872842424202,,,,
2060,Ireland,1137.7235988656998,,,,
2060,Italy,4527.8177668204,,,,
2060,Latvia,116.04204392951999,,,,
2060,Lithuania,220.98009310332998,,,,
2060,Luxembourg,160.8980521704,,,,
2060,Netherlands,2257.4092253742,,,,
2060,Norway,714.6032530486001,,,,
2060,Poland,2400.15581317486,,,,
2060,Portugal,788.42894458698,,,,
2060,Romania,1180.20516467226,,,,
2060,Slovakia,336.251411496,,,,
2060,Slovenia,167.58958883416003,,,,
2060,Spain,4058.79103014204,,,,
2060,Sweden,1246.39279287,,,,
