,country,year,scenario,share_pu,Total_Heat_TJ_ML,COP,Demand_HP_TWh
0,Austria,2025,KKO,0.07398407932471668,239536.45,4.0,1.2306863703063227
1,Austria,2026,KKO,0.08174677005592844,239343.27,4.0,1.3587180782262476
2,Austria,2027,KKO,0.0916045504170126,249028.19,4.0,1.5841747320232134
3,Austria,2028,KKO,0.1039513649967064,239343.27,4.0,1.7277820124353291
4,Austria,2029,KKO,0.11915123655461513,239343.27,4.0,1.9804200097325666
5,Austria,2030,KKO,0.13747106453768043,239343.27,4.0,2.2849149941038878
6,Austria,2035,KKO,0.26863286625652427,230696.06,4.0,4.30364927909976
7,Austria,2040,KKO,0.38880222810688186,230696.06,4.0,6.228829897182858
8,Austria,2045,KKO,0.4400161178666293,230696.06,4.0,7.049305153304199
9,Austria,2050,KKO,0.4400161178666293,230696.06,4.0,7.049305153304199
10,Austria,2055,KKO,0.4400161178666293,224807.61,4.0,6.869373215991651
11,Austria,2060,KKO,0.4400161178666293,224807.61,4.0,6.869373215991651
12,Belgium,2025,KKO,0.05408980579038955,282488.4,4.0,1.0610932665765225
13,Belgium,2026,KKO,0.07054091023147234,282488.4,4.0,1.383818702453048
14,Belgium,2027,KKO,0.09143203933769856,287193.5,4.0,1.8235199173022343
15,Belgium,2028,KKO,0.11759806130074532,282488.4,4.0,2.3069506200897627
16,Belgium,2029,KKO,0.14981043239068137,282488.4,4.0,2.9388687711079418
17,Belgium,2030,KKO,0.18863478002059567,282488.4,4.0,3.7004957218308414
18,Belgium,2035,KKO,0.4665998018759062,267667.16,4.0,8.673155921151688
19,Belgium,2040,KKO,0.7212690642322986,267667.16,4.0,13.406947516993625
20,Belgium,2045,KKO,0.8298042459682052,267667.16,4.0,15.424399196873264
21,Belgium,2050,KKO,0.8298042459682052,267667.16,4.0,15.424399196873264
22,Belgium,2055,KKO,0.8298042459682052,259908.34,4.0,14.97729493081423
23,Belgium,2060,KKO,0.8298042459682052,259908.34,4.0,14.97729493081423
24,Bulgaria,2025,KKO,0.0006505122638932409,62228.754,3.5,0.003212743406959691
25,Bulgaria,2026,KKO,0.0014856286670971682,59683.47,3.5,0.007037100858095406
26,Bulgaria,2027,KKO,0.002546136468293293,66142.99,3.5,0.013365801173594078
27,Bulgaria,2028,KKO,0.003874416537646274,67859.46,3.5,0.020866336229509765
28,Bulgaria,2029,KKO,0.005509630731297516,64984.266,3.5,0.028415819131913496
29,Bulgaria,2030,KKO,0.0074804923026619554,65638.77,3.5,0.038969073599698874
30,Bulgaria,2035,KKO,0.02159098258005693,76946.914,3.5,0.13185393204035734
31,Bulgaria,2040,KKO,0.034518897489803226,89925.74,3.5,0.2463601280326266
32,Bulgaria,2045,KKO,0.04002852822110075,90449.12,3.5,0.2873448568472167
33,Bulgaria,2050,KKO,0.04002852822110075,82902.44,3.5,0.2633700543562608
34,Bulgaria,2055,KKO,0.04002852822110075,87063.54,3.5,0.276589314553546
35,Bulgaria,2060,KKO,0.04002852822110075,84620.41,3.5,0.2688278058621587
36,Croatia,2025,KKO,0.013807133118193399,74424.516,4.3,0.0663817328701149
37,Croatia,2026,KKO,0.019815498920796107,74424.516,4.3,0.09526866618784724
38,Croatia,2027,KKO,0.02744547574995944,95803.336,4.3,0.16985582191130752
39,Croatia,2028,KKO,0.03700197890851418,88221.734,4.3,0.21087719205630454
40,Croatia,2029,KKO,0.04876676403711561,88437.305,4.3,0.27860472672957437
41,Croatia,2030,KKO,0.06294641279221055,58405.727,4.3,0.23749555669221928
42,Croatia,2035,KKO,0.16446637685398133,58515.617,4.3,0.6216958789216288
43,Croatia,2040,KKO,0.2574781313168016,58194.336,4.3,0.9679437889283472
44,Croatia,2045,KKO,0.2971179668461887,56746.414,4.3,1.0891717761621282
45,Croatia,2050,KKO,0.2971179668461887,56824.723,4.3,1.0906748690884556
46,Croatia,2055,KKO,0.2971179668461887,56746.414,4.3,1.0891717761621282
47,Croatia,2060,KKO,0.2971179668461887,56746.414,4.3,1.0891717761621282
48,Czechia,2025,KKO,0.07515429758709456,252411.48,3.5,1.5055403534370335
49,Czechia,2026,KKO,0.0799089839681188,252411.48,3.5,1.600789360405315
50,Czechia,2027,KKO,0.08594692308651242,252411.48,3.5,1.7217453308047854
51,Czechia,2028,KKO,0.09350940794695688,252411.48,3.5,1.8732420049166183
52,Czechia,2029,KKO,0.10281940428612892,252411.48,3.5,2.05974597912689
53,Czechia,2030,KKO,0.11404038933240426,248276.23,3.5,2.247104679293984
54,Czechia,2035,KKO,0.194377640156493,253026.8,3.5,3.9033931876453507
55,Czechia,2040,KKO,0.2679819673144651,251637.56,3.5,5.351930845747219
56,Czechia,2045,KKO,0.29935072752809483,251637.56,3.5,5.978403727719793
57,Czechia,2050,KKO,0.29935072752809483,221538.73,3.5,5.263316196009387
58,Czechia,2055,KKO,0.29935072752809483,242546.19,3.5,5.762410802856485
59,Czechia,2060,KKO,0.29935072752809483,241518.56,3.5,5.737996940639566
60,Denmark,2025,KKO,0.10488213499589079,144214.72,3.3,1.2731943222014774
61,Denmark,2026,KKO,0.10802600266570064,148310.38,3.3,1.348600763518115
62,Denmark,2027,KKO,0.11201837567737945,148310.38,3.3,1.3984417014306374
63,Denmark,2028,KKO,0.11701880046902602,148310.38,3.3,1.460867196455185
64,Denmark,2029,KKO,0.12317470522303547,135464.86,3.3,1.404532329670678
65,Denmark,2030,KKO,0.13059418345638338,135464.86,3.3,1.4891349031386287
66,Denmark,2035,KKO,0.1837143401412183,135464.86,3.3,2.0948516149093312
67,Denmark,2040,KKO,0.23238258994073688,139250.92,3.3,2.723862869021613
68,Denmark,2045,KKO,0.2531240696461563,138022.52,3.3,2.9408098742285143
69,Denmark,2050,KKO,0.2531240696461563,119997.7,3.3,2.556759821978188
70,Denmark,2055,KKO,0.2531240696461563,134349.66,3.3,2.8625533488966184
71,Denmark,2060,KKO,0.2531240696461563,139196.75,3.3,2.9658289402878513
72,Estonia,2025,KKO,0.0010229735162880017,33876.965,3.3,0.0029171075064119917
73,Estonia,2026,KKO,0.0023362492389967654,33983.62,3.3,0.006683014167727794
74,Estonia,2027,KKO,0.004003967827340706,34885.96,3.3,0.011757766890330975
75,Estonia,2028,KKO,0.006092775999886226,29767.97,3.3,0.015266799622106125
76,Estonia,2029,KKO,0.008664258362958152,29029.438,3.3,0.021171596047290395
77,Estonia,2030,KKO,0.01176356840472311,29100.373,3.3,0.028815170816403227
78,Estonia,2035,KKO,0.03395324668876442,28391.18,3.3,0.08114248595577626
79,Estonia,2040,KKO,0.05428324707084125,26739.293,3.3,0.12217977493592085
80,Estonia,2045,KKO,0.06294750543379941,26523.584,3.3,0.14053817298025387
81,Estonia,2050,KKO,0.06294750543379941,26378.104,3.3,0.13976732407919748
82,Estonia,2055,KKO,0.06294750543379941,26523.584,3.3,0.14053817298025387
83,Estonia,2060,KKO,0.06294750543379941,25846.553,3.3,0.13695084999440463
84,Finland,2025,KKO,0.1658859590338715,185136.27,3.3,2.5851437904576815
85,Finland,2026,KKO,0.16620890731195423,185136.27,3.3,2.590176571656204
86,Finland,2027,KKO,0.1666190168092358,183991.83,3.3,2.5805166145695275
87,Finland,2028,KKO,0.16713267665301734,183516.39,3.3,2.581783345632257
88,Finland,2029,KKO,0.16776503114409197,183516.39,3.3,2.591551646638898
89,Finland,2030,KKO,0.16852718399891514,183516.39,3.3,2.6033250088970377
90,Finland,2035,KKO,0.1739838586858268,182508.8,3.3,2.672860664357144
91,Finland,2040,KKO,0.1789832190663496,176547.9,3.3,2.6598581258832663
92,Finland,2045,KKO,0.1811138510964687,167715.17,3.3,2.556863668196573
93,Finland,2050,KKO,0.1811138510964687,176547.9,3.3,2.691521311673207
94,Finland,2055,KKO,0.1811138510964687,177363.34,3.3,2.7039528069355914
95,Finland,2060,KKO,0.1811138510964687,172836.19,3.3,2.6349349574760765
96,France,2025,KKO,0.15181955318164403,1.3072112e+06,4.0,13.781961093744512
97,France,2026,KKO,0.16036709559924217,1.4563234e+06,4.0,16.218496537288107
98,France,2027,KKO,0.17122155299002112,1.467334e+06,4.0,17.447166913869644
99,France,2028,KKO,0.18481669995598532,1.3170945e+06,4.0,16.90424045414147
100,France,2029,KKO,0.20155336400481666,1.3055705e+06,4.0,18.273759045517664
101,France,2030,KKO,0.22172542961845065,1.3055705e+06,4.0,20.102651697813513
102,France,2035,KKO,0.366148427078947,1.2984024e+06,4.0,33.01444370058588
103,France,2040,KKO,0.4984675871843105,1.2984024e+06,4.0,44.945243176246144
104,France,2045,KKO,0.5548594891998766,1.2224971e+06,4.0,47.10515006532108
105,France,2050,KKO,0.5548594891998766,1.212114e+06,4.0,46.705066368389005
106,France,2055,KKO,0.5548594891998766,1.212114e+06,4.0,46.705066368389005
107,France,2060,KKO,0.5548594891998766,1.2145695e+06,4.0,46.79968355926964
108,Germany,2025,KKO,0.046972703323295485,1.9247724e+06,4.0,6.278594606394652
109,Germany,2026,KKO,0.06110516857619476,1.9524355e+06,4.0,8.284993175981006
110,Germany,2027,KKO,0.07905187587751575,1.9524355e+06,4.0,10.718311845863516
111,Germany,2028,KKO,0.1015300260542232,1.9524355e+06,4.0,13.76602982393402
112,Germany,2029,KKO,0.1292023453670325,1.9216599e+06,4.0,17.241873191044796
113,Germany,2030,KKO,0.16255474099562245,1.9216599e+06,4.0,21.692703974434256
114,Germany,2035,KKO,0.4013430258162741,1.9120552e+06,4.0,53.29097562287289
115,Germany,2040,KKO,0.6201188845510399,1.7904392e+06,4.0,77.10313857021384
116,Germany,2045,KKO,0.7133569823391329,1.799433e+06,4.0,89.14153414351274
117,Germany,2050,KKO,0.7133569823391329,1.596263e+06,4.0,79.07676332498708
118,Germany,2055,KKO,0.7133569823391329,1.7877639e+06,4.0,88.56346093276483
119,Germany,2060,KKO,0.7133569823391329,1.7757521e+06,4.0,87.96841806357777
120,Greece,2025,KKO,0.07165190137725838,115657.78,4.3,0.535342397681739
121,Greece,2026,KKO,0.08186450044998723,124779.81,4.3,0.659886137034544
122,Greece,2027,KKO,0.0948334002890586,125565.89,4.3,0.7692403237733945
123,Greece,2028,KKO,0.11107687455510769,125843.664,4.3,0.9029923088412263
124,Greece,2029,KKO,0.13107383173823442,136412.92,4.3,1.1550493974656924
125,Greece,2030,KKO,0.1551754048590278,141045.64,4.3,1.4138768825151993
126,Greece,2035,KKO,0.32773192436914034,141522.34,4.3,2.996213950821677
127,Greece,2040,KKO,0.4858267855322885,141173.2,4.3,4.430602320562228
128,Greece,2045,KKO,0.553203799660686,140788.02,4.3,5.031296477944305
129,Greece,2050,KKO,0.553203799660686,140015.02,4.3,5.003672094439038
130,Greece,2055,KKO,0.553203799660686,132668.86,4.3,4.741144751260097
131,Greece,2060,KKO,0.553203799660686,132668.86,4.3,4.741144751260097
132,Hungary,2025,KKO,0.02006740992302239,198604.5,3.5,0.3163077852464343
133,Hungary,2026,KKO,0.030966189113916326,215284.7,3.5,0.5290910293780969
134,Hungary,2027,KKO,0.0448064637284656,238275.83,3.5,0.8473251638324276
135,Hungary,2028,KKO,0.06214133001058361,236389.75,3.5,1.1658391446928402
136,Hungary,2029,KKO,0.0834818741048524,210856.9,3.5,1.3970420996674517
137,Hungary,2030,KKO,0.1092028215077668,210856.9,3.5,1.827473816138884
138,Hungary,2035,KKO,0.2933533389908132,236066.69,3.5,5.4961073531645726
139,Hungary,2040,KKO,0.4620705255523905,223535.16,3.5,8.197540583988511
140,Hungary,2045,KKO,0.5339745721420633,222307.84,3.5,9.421169990268298
141,Hungary,2050,KKO,0.5339745721420633,209923.11,3.5,8.89631805020013
142,Hungary,2055,KKO,0.5339745721420633,210644.06,3.5,8.926871156331888
143,Hungary,2060,KKO,0.5339745721420633,149158.03,3.5,6.321158770923292
144,Ireland,2025,KKO,0.050289397770512,92350.06,4.0,0.32251591287269876
145,Ireland,2026,KKO,0.06549150575214796,119666.74,4.0,0.5442468693375078
146,Ireland,2027,KKO,0.08479654400465847,113000.1,4.0,0.6654179399785116
147,Ireland,2028,KKO,0.10897599607468095,113000.1,4.0,0.8551596490906143
148,Ireland,2029,KKO,0.1387427479306132,111761.164,4.0,1.0768091499413646
149,Ireland,2030,KKO,0.17461948356865414,116360.54,4.0,1.411028995644856
150,Ireland,2035,KKO,0.43148091755296747,109484.16,4.0,3.2805780856445836
151,Ireland,2040,KKO,0.6668152466134081,109484.16,4.0,5.069840626138695
152,Ireland,2045,KKO,0.7671102485973076,109484.16,4.0,5.832390190263209
153,Ireland,2050,KKO,0.7671102485973076,109484.16,4.0,5.832390190263209
154,Ireland,2055,KKO,0.7671102485973076,109484.16,4.0,5.832390190263209
155,Ireland,2060,KKO,0.7671102485973076,115943.37,4.0,6.176482785350975
156,Italy,2025,KKO,0.05288441986414043,501846.66,4.0,1.843046563612399
157,Italy,2026,KKO,0.06624913749070808,506145.56,4.0,2.3285908184203943
158,Italy,2027,KKO,0.08322088807467712,506145.56,4.0,2.925130850173929
159,Italy,2028,KKO,0.10447791043442763,509162.22,4.0,3.6941811502963127
160,Italy,2029,KKO,0.13064692815849668,507510.53,4.0,4.604492359043726
161,Italy,2030,KKO,0.16218745146912217,464741.7,4.0,5.234393599171098
162,Italy,2035,KKO,0.3880035381922592,504707.25,4.0,13.59918033069508
163,Italy,2040,KKO,0.5948943759319922,484719.94,4.0,20.02480271226245
164,Italy,2045,KKO,0.6830673044817743,484719.94,4.0,22.992801016172532
165,Italy,2050,KKO,0.6830673044817743,431362.6,4.0,20.461783952768528
166,Italy,2055,KKO,0.6830673044817743,456382.97,4.0,21.648631113031467
167,Italy,2060,KKO,0.6830673044817743,456382.97,4.0,21.648631113031467
168,Latvia,2025,KKO,0.0034133139604597827,36026.875,3.3,0.010351097342668376
169,Latvia,2026,KKO,0.0055558603636285155,35758.133,3.3,0.016722827552958425
170,Latvia,2027,KKO,0.008276663315489938,35809.766,3.3,0.024948263229809524
171,Latvia,2028,KKO,0.011684453743356797,35136.254,3.3,0.034557907819277534
172,Latvia,2029,KKO,0.015879703981020257,35053.547,3.3,0.04685521654671155
173,Latvia,2030,KKO,0.02093607978045384,35053.547,3.3,0.06177473792489221
174,Latvia,2035,KKO,0.05713747646574626,30182.11,3.3,0.14516242892632625
175,Latvia,2040,KKO,0.09030489777861038,30372.484,3.3,0.23087407514413044
176,Latvia,2045,KKO,0.10444022006522921,30205.72,3.3,0.26554647963141537
177,Latvia,2050,KKO,0.10444022006522921,29861.377,3.3,0.2625192743803914
178,Latvia,2055,KKO,0.10444022006522921,29962.049,3.3,0.263404283028412
179,Latvia,2060,KKO,0.10444022006522921,29962.049,3.3,0.263404283028412
180,Lithuania,2025,KKO,0.08566527591968735,56148.918,3.3,0.40488321813367506
181,Lithuania,2026,KKO,0.08758170563464157,56286.117,3.3,0.41495237196177975
182,Lithuania,2027,KKO,0.09001536476929124,56553.055,3.3,0.42850537232012254
183,Lithuania,2028,KKO,0.09306350917757189,56503.402,3.3,0.4426266811585355
184,Lithuania,2029,KKO,0.09681600770233492,56827.703,3.3,0.4631171379653236
185,Lithuania,2030,KKO,0.10133875167543091,56827.703,3.3,0.48475157935863067
186,Lithuania,2035,KKO,0.13371958236732784,36643.51,3.3,0.4124541558248972
187,Lithuania,2040,KKO,0.16338663260174596,36347.906,3.3,0.49989578972000986
188,Lithuania,2045,KKO,0.17603016350519193,36347.906,3.3,0.5385797858657259
189,Lithuania,2050,KKO,0.17603016350519193,36048.047,3.3,0.534136682398957
190,Lithuania,2055,KKO,0.17603016350519193,35420.113,3.3,0.5248323638625638
191,Lithuania,2060,KKO,0.17603016350519193,35420.113,3.3,0.5248323638625638
192,Luxembourg,2025,KKO,0.029084148562643394,17289.65,4.0,0.034920471702076586
193,Luxembourg,2026,KKO,0.047487935539029594,18189.396,4.0,0.059984509213164706
194,Luxembourg,2027,KKO,0.07085876095346377,18289.717,4.0,0.08999908052894964
195,Luxembourg,2028,KKO,0.10013058862630907,17359.625,4.0,0.12071038550854982
196,Luxembourg,2029,KKO,0.13616644370622888,17295.588,4.0,0.16354712826993173
197,Luxembourg,2030,KKO,0.17959909139484073,17289.65,4.0,0.21563928458362208
198,Luxembourg,2035,KKO,0.49055748737563776,17295.588,4.0,0.5891999976491182
199,Luxembourg,2040,KKO,0.7754550072124257,17359.625,4.0,0.934833941848541
200,Luxembourg,2045,KKO,0.8968728956748442,17289.65,4.0,1.076848596970801
201,Luxembourg,2050,KKO,0.8968728956748442,17289.65,4.0,1.076848596970801
202,Luxembourg,2055,KKO,0.8968728956748442,17289.65,4.0,1.076848596970801
203,Luxembourg,2060,KKO,0.8968728956748442,17289.65,4.0,1.076848596970801
204,Netherlands,2025,KKO,0.08458974779104735,286897.84,4.0,1.6853206184350842
205,Netherlands,2026,KKO,0.10144679968453303,295509.16,4.0,2.081837366664582
206,Netherlands,2027,KKO,0.12285343829158729,295509.16,4.0,2.5211330397211347
207,Netherlands,2028,KKO,0.1496651330113452,286897.84,4.0,2.9818475774146345
208,Netherlands,2029,KKO,0.18267237656875893,286897.84,4.0,3.6394661373189514
209,Netherlands,2030,KKO,0.22245475379893576,286897.84,4.0,4.4320688149152465
210,Netherlands,2035,KKO,0.5072788405202798,286897.84,4.0,10.10675065891558
211,Netherlands,2040,KKO,0.7682323215824224,286897.84,4.0,15.305847400199207
212,Netherlands,2045,KKO,0.8794457174576635,278581.6,4.0,17.013708795506115
213,Netherlands,2050,KKO,0.8794457174576635,276124.1,4.0,16.863622572724886
214,Netherlands,2055,KKO,0.8794457174576635,276124.1,4.0,16.863622572724886
215,Netherlands,2060,KKO,0.8794457174576635,275280.34,4.0,16.812092550217603
216,Norway,2025,KKO,0.16802817372458298,166710.2,3.3,2.35791347388047
217,Norway,2026,KKO,0.16807664170097858,166575.75,3.3,2.3566913107680802
218,Norway,2027,KKO,0.16813819080584413,167946.45,3.3,2.3769540345183646
219,Norway,2028,KKO,0.16821528071427028,167345.14,3.3,2.369529588445542
220,Norway,2029,KKO,0.16831018427817535,166575.75,3.3,2.3599659345159365
221,Norway,2030,KKO,0.16842456793984625,166575.75,3.3,2.3615697682124313
222,Norway,2035,KKO,0.16924350396729274,166575.75,3.3,2.373052502519984
223,Norway,2040,KKO,0.16999380640691206,165978.56,3.3,2.3750275618317995
224,Norway,2045,KKO,0.1703135709944696,164514.38,3.3,2.3585042271374665
225,Norway,2050,KKO,0.1703135709944696,155224.75,3.3,2.225326851591805
226,Norway,2055,KKO,0.1703135709944696,160349.6,3.3,2.2987972829602517
227,Norway,2060,KKO,0.1703135709944696,161090.22,3.3,2.309415066474682
228,Poland,2025,KKO,0.04385591390422921,519469.03,3.5,1.8080784778828634
229,Poland,2026,KKO,0.04743047193889731,716196.6,3.5,2.6959956175947326
230,Poland,2027,KKO,0.05196977528277873,716196.6,3.5,2.9540141744794934
231,Poland,2028,KKO,0.05765522724609716,717946.56,3.5,3.2851884439102537
232,Poland,2029,KKO,0.06465445275752808,707407.94,3.5,3.629926576116992
233,Poland,2030,KKO,0.07309035347521409,512207.1,3.5,2.971222159687788
234,Poland,2035,KKO,0.13348764204559754,522007.75,3.5,5.530284369668444
235,Poland,2040,KKO,0.18882314010891926,519141.7,3.5,7.779838373253531
236,Poland,2045,KKO,0.21240607384493004,519560.7,3.5,8.758559491544606
237,Poland,2050,KKO,0.21240607384493004,501031.8,3.5,8.446206551583645
238,Poland,2055,KKO,0.21240607384493004,497621.78,3.5,8.38872126867634
239,Poland,2060,KKO,0.21240607384493004,497220.44,3.5,8.381955788523618
240,Portugal,2025,KKO,0.17986047016936854,63904.44,4.3,0.7424989077071267
241,Portugal,2026,KKO,0.18655126927675036,73337.27,4.3,0.8837959953926315
242,Portugal,2027,KKO,0.19504786283232178,65568.07,4.3,0.8261571614659964
243,Portugal,2028,KKO,0.205689798577188,65774.5,4.3,0.8739757021924099
244,Portugal,2029,KKO,0.21879083410383438,65774.5,4.3,0.9296419860968677
245,Portugal,2030,KKO,0.23458101472041396,91741.81,4.3,1.3902382261354036
246,Portugal,2035,KKO,0.34763166896514913,65935.22,4.3,1.4806957124301432
247,Portugal,2040,KKO,0.4512077467509384,65935.22,4.3,1.9218656862253798
248,Portugal,2045,KKO,0.495349895363444,66606.67,4.3,2.131370096425796
249,Portugal,2050,KKO,0.495349895363444,66342.56,4.3,2.1229187063256005
250,Portugal,2055,KKO,0.495349895363444,65178.91,4.3,2.085682625083661
251,Portugal,2060,KKO,0.495349895363444,62986.863,4.3,2.015538548139343
252,Romania,2025,KKO,0.00604569827066927,256532.42,3.5,0.12308870726589856
253,Romania,2026,KKO,0.013654751511454071,258717.1,3.5,0.28037441721626455
254,Romania,2027,KKO,0.023317428822797043,278341.0,3.5,0.5150949800906216
255,Romania,2028,KKO,0.03541987792762218,257340.05,3.5,0.7234089585377907
256,Romania,2029,KKO,0.0503189169260706,259349.0,3.5,1.0357270547842115
257,Romania,2030,KKO,0.06827616284914803,259349.0,3.5,1.4053456111468308
258,Romania,2035,KKO,0.19684203865084338,257968.61,3.5,4.030084922930663
259,Romania,2040,KKO,0.3146330345685399,259981.22,3.5,6.491959188705311
260,Romania,2045,KKO,0.36483331013571707,258214.0,3.5,7.47659285644371
261,Romania,2050,KKO,0.36483331013571707,258888.62,3.5,7.496126364229078
262,Romania,2055,KKO,0.36483331013571707,257787.84,3.5,7.464253392768204
263,Romania,2060,KKO,0.36483331013571707,249323.33,3.5,7.2191636187344
264,Slovakia,2025,KKO,0.06487227652486106,80347.78,3.5,0.41367806272343366
265,Slovakia,2026,KKO,0.0751282944439105,102091.07,3.5,0.608724454246827
266,Slovakia,2027,KKO,0.08815233153698052,109054.81,3.5,0.7629711483133548
267,Slovakia,2028,KKO,0.10446486490422877,114423.75,3.5,0.9486715885688276
268,Slovakia,2029,KKO,0.12454683911432682,113941.56,3.5,1.1262747350928768
269,Slovakia,2030,KKO,0.1487508800292599,106812.266,3.5,1.260985624825329
270,Slovakia,2035,KKO,0.32204102326716866,107048.75,3.5,2.736038952986909
271,Slovakia,2040,KKO,0.48080802444404225,106575.484,3.5,4.066853056139472
272,Slovakia,2045,KKO,0.5484714918250493,107133.11,3.5,4.663448943730072
273,Slovakia,2050,KKO,0.5484714918250493,99479.805,3.5,4.330304627472182
274,Slovakia,2055,KKO,0.5484714918250493,106248.71,3.5,4.624951494047528
275,Slovakia,2060,KKO,0.5484714918250493,106544.9,3.5,4.637844552972266
276,Slovenia,2025,KKO,0.09439396461177456,35596.24,4.3,0.21705879179341475
277,Slovenia,2026,KKO,0.09888658323558974,36189.14,4.3,0.23117702834228016
278,Slovenia,2027,KKO,0.10459172455490301,36290.023,4.3,0.24519614556607974
279,Slovenia,2028,KKO,0.11173738203968424,35894.46,4.3,0.2590925890839465
280,Slovenia,2029,KKO,0.12053423205022173,35733.656,4.3,0.2782383019223193
281,Slovenia,2030,KKO,0.13113674131300698,35733.656,4.3,0.3027128775114671
282,Slovenia,2035,KKO,0.2070459812323524,35820.766,4.3,0.4791050014209161
283,Slovenia,2040,KKO,0.27659340128996274,35752.64,4.3,0.6388207418162547
284,Slovenia,2045,KKO,0.30623318508394404,34122.914,4.3,0.6750367286548695
285,Slovenia,2050,KKO,0.30623318508394404,33788.168,4.3,0.6684146031596565
286,Slovenia,2055,KKO,0.30623318508394404,33273.9,4.3,0.6582411215894993
287,Slovenia,2060,KKO,0.30623318508394404,33875.8,4.3,0.6701482060935995
288,Spain,2025,KKO,0.042200445610652455,291733.7,4.3,0.7953031196464134
289,Spain,2026,KKO,0.05482334260967517,398969.1,4.3,1.4129728820475715
290,Spain,2027,KKO,0.07085306096965552,386538.47,4.3,1.7692141684840108
291,Spain,2028,KKO,0.090930193255612,365347.2,4.3,2.1460652439453236
292,Spain,2029,KKO,0.11564667620171365,386538.47,4.3,2.887719108730966
293,Spain,2030,KKO,0.14543651450356102,386538.47,4.3,3.631576936172578
294,Spain,2035,KKO,0.3587184769867889,370345.06,4.3,8.582017077199794
295,Spain,2040,KKO,0.5541256533897275,367104.7,4.3,13.140964354359422
296,Spain,2045,KKO,0.6374044645315032,366406.53,4.3,15.08715532148781
297,Spain,2050,KKO,0.6374044645315032,365089.1,4.3,15.03290900888824
298,Spain,2055,KKO,0.6374044645315032,284134.12,4.3,11.699506688342636
299,Spain,2060,KKO,0.6374044645315032,274484.72,4.3,11.302182927184086
300,Sweden,2025,KKO,0.0005299192911949451,220467.4,3.3,0.009834169578692369
301,Sweden,2026,KKO,0.0012102205199565992,220467.4,3.3,0.022459106544374045
302,Sweden,2027,KKO,0.0020741297396739238,219835.66,3.3,0.03838111729643244
303,Sweden,2028,KKO,0.003156171189049922,220467.4,3.3,0.05857179236202174
304,Sweden,2029,KKO,0.0044882468385780165,220467.4,3.3,0.08329226970030933
305,Sweden,2030,KKO,0.006093747034208765,220467.4,3.3,0.11308692229137388
306,Sweden,2035,KKO,0.017588412732682777,212811.25,3.3,0.31506837252124775
307,Sweden,2040,KKO,0.02811973071983395,213422.81,3.3,0.5051676803631308
308,Sweden,2045,KKO,0.03260797755841197,265526.9,3.3,0.7288127722654634
309,Sweden,2050,KKO,0.03260797755841197,260037.02,3.3,0.7137442206242813
310,Sweden,2055,KKO,0.03260797755841197,257743.11,3.3,0.7074479225043006
311,Sweden,2060,KKO,0.03260797755841197,250481.11,3.3,0.6875153620184106
312,Austria,2025,KVE,0.07269910894662729,239536.45,4.0,1.2093115617664851
313,Austria,2026,KVE,0.07853455658216513,239343.27,4.0,1.305327681089601
314,Austria,2027,KVE,0.08563882441148592,249028.19,4.0,1.4810057043591252
315,Austria,2028,KVE,0.09421874932465006,239343.27,4.0,1.5660156104967118
316,Austria,2029,KVE,0.10448110579031808,239343.27,4.0,1.7365868666523419
317,Austria,2030,KVE,0.11661474876425404,239343.27,4.0,1.9382608906186756
318,Austria,2035,KVE,0.2073700598771362,230696.06,4.0,3.3221847390962584
319,Austria,2040,KVE,0.3224116060245699,230696.06,4.0,5.165214871794701
320,Austria,2045,KVE,0.4034723588711789,230696.06,4.0,6.463853625172183
321,Austria,2050,KVE,0.4400161178666293,230696.06,4.0,7.049305153304199
322,Austria,2055,KVE,0.4400161178666293,224807.61,4.0,6.869373215991651
323,Austria,2060,KVE,0.4400161178666293,224807.61,4.0,6.869373215991651
324,Belgium,2025,KVE,0.05136662865689237,282488.4,4.0,1.007672018749406
325,Belgium,2026,KVE,0.06373341767847651,282488.4,4.0,1.2502744161554418
326,Belgium,2027,KVE,0.07878915750946901,287193.5,4.0,1.5713703754909165
327,Belgium,2028,KVE,0.09697218781822357,282488.4,4.0,1.902327694387713
328,Belgium,2029,KVE,0.11872071598636458,282488.4,4.0,2.328974018218007
329,Belgium,2030,KVE,0.14443497341677378,282488.4,4.0,2.8334170461733863
330,Belgium,2035,KVE,0.33676842497345133,267667.16,4.0,6.259850620108549
331,Belgium,2040,KVE,0.5805705492968622,267667.16,4.0,10.79164388205108
332,Belgium,2045,KVE,0.7523587806366154,267667.16,4.0,13.984843085819307
333,Belgium,2050,KVE,0.8298042459682052,267667.16,4.0,15.424399196873264
334,Belgium,2055,KVE,0.8298042459682052,259908.34,4.0,14.97729493081423
335,Belgium,2060,KVE,0.8298042459682052,259908.34,4.0,14.97729493081423
336,Bulgaria,2025,KVE,0.0005122741351914292,62228.754,3.5,0.002530014331385985
337,Bulgaria,2026,KVE,0.0011400562031902276,59683.47,3.5,0.005400199029157677
338,Bulgaria,2027,KVE,0.0019043389503007305,66142.99,3.5,0.00999672095106194
339,Bulgaria,2028,KVE,0.0028273740526051235,67859.46,3.5,0.015227308952199302
340,Bulgaria,2029,KVE,0.00393140647084207,64984.266,3.5,0.020276156544374067
341,Bulgaria,2030,KVE,0.005236753370392225,65638.77,3.5,0.027280480917234062
342,Bulgaria,2035,KVE,0.015000281457825452,76946.914,3.5,0.0916051914076962
343,Bulgaria,2040,KVE,0.027376541902078198,89925.74,3.5,0.19538539346683517
344,Bulgaria,2045,KVE,0.03609712175025867,90449.12,3.5,0.25912324891468125
345,Bulgaria,2050,KVE,0.04002852822110075,82902.44,3.5,0.2633700543562608
346,Bulgaria,2055,KVE,0.04002852822110075,87063.54,3.5,0.276589314553546
347,Bulgaria,2060,KVE,0.04002852822110075,84620.41,3.5,0.2688278058621587
348,Croatia,2025,KVE,0.012812558898454432,74424.516,4.3,0.06160003346814276
349,Croatia,2026,KVE,0.017329227825540656,74424.516,4.3,0.08331520834289742
350,Croatia,2027,KVE,0.022827970639884173,95803.336,4.3,0.14127879403258126
351,Croatia,2028,KVE,0.029468880244833393,88221.734,4.3,0.16794546946904104
352,Croatia,2029,KVE,0.03741200122922606,88437.305,4.3,0.2137349193590562
353,Croatia,2030,KVE,0.0468035083792484,58405.727,4.3,0.17658870116033168
354,Croatia,2035,KVE,0.11704862396819454,58515.617,4.3,0.44245303232453603
355,Croatia,2040,KVE,0.20609142055567164,58194.336,4.3,0.7747644798339617
356,Croatia,2045,KVE,0.26883289412469114,56746.414,4.3,0.985484667563621
357,Croatia,2050,KVE,0.2971179668461887,56824.723,4.3,1.0906748690884556
358,Croatia,2055,KVE,0.2971179668461887,56746.414,4.3,1.0891717761621282
359,Croatia,2060,KVE,0.2971179668461887,56746.414,4.3,1.0891717761621282
360,Czechia,2025,KVE,0.07436724688930546,252411.48,3.5,1.4897736358471434
361,Czechia,2026,KVE,0.07794148736346392,252411.48,3.5,1.5613751734770758
362,Czechia,2027,KVE,0.08229288646782414,252411.48,3.5,1.6485452642883434
363,Czechia,2028,KVE,0.08754813281826891,252411.48,3.5,1.7538218180167353
364,Czechia,2029,KVE,0.0938338767972656,252411.48,3.5,1.8797419784810974
365,Czechia,2030,KVE,0.10126579299720133,248276.23,3.5,1.995388113181125
366,Czechia,2035,KVE,0.15685386892286413,253026.8,3.5,3.149859844560278
367,Czechia,2040,KVE,0.22731738365750168,251637.56,3.5,4.539808889243381
368,Czechia,2045,KVE,0.2769674948033284,251637.56,3.5,5.531382926851339
369,Czechia,2050,KVE,0.29935072752809483,221538.73,3.5,5.263316196009387
370,Czechia,2055,KVE,0.29935072752809483,242546.19,3.5,5.762410802856485
371,Czechia,2060,KVE,0.29935072752809483,241518.56,3.5,5.737996940639566
372,Denmark,2025,KVE,0.10436172564709427,144214.72,3.3,1.266876923836787
373,Denmark,2026,KVE,0.1067250653440465,148310.38,3.3,1.3323598120621833
374,Denmark,2027,KVE,0.10960227361108066,148310.38,3.3,1.3682789905004584
375,Denmark,2028,KVE,0.11307711880044738,148310.38,3.3,1.4116590912155536
376,Denmark,2029,KVE,0.1172333439839079,135464.86,3.3,1.3367843782751645
377,Denmark,2030,KVE,0.12214743488146168,135464.86,3.3,1.3928186064396002
378,Denmark,2035,KVE,0.15890307778297744,135464.86,3.3,1.811934598310916
379,Denmark,2040,KVE,0.20549457680581668,139250.92,3.3,2.408696140659336
380,Denmark,2045,KVE,0.23832395117986444,138022.52,3.3,2.7688612539875948
381,Denmark,2050,KVE,0.2531240696461563,119997.7,3.3,2.556759821978188
382,Denmark,2055,KVE,0.2531240696461563,134349.66,3.3,2.8625533488966184
383,Denmark,2060,KVE,0.2531240696461563,139196.75,3.3,2.9658289402878513
384,Estonia,2025,KVE,0.0008055849250924729,33876.965,3.3,0.0022972030014685113
385,Estonia,2026,KVE,0.0017928137064835642,33983.62,3.3,0.005128476534323582
386,Estonia,2027,KVE,0.002994698824791183,34885.96,3.3,0.008794019384523559
387,Estonia,2028,KVE,0.004446232510890212,29767.97,3.3,0.011141020253874786
388,Estonia,2029,KVE,0.006182396435334143,29029.438,3.3,0.015107028720737926
389,Estonia,2030,KVE,0.008235140683100717,29100.373,3.3,0.02017219412651889
390,Estonia,2035,KVE,0.02358893370646698,28391.18,3.3,0.05637354034311317
391,Estonia,2040,KVE,0.043051420992073534,26739.293,3.3,0.09689937893027382
392,Estonia,2045,KVE,0.05676510899846526,26523.584,3.3,0.12673520027031443
393,Estonia,2050,KVE,0.06294750543379941,26378.104,3.3,0.13976732407919748
394,Estonia,2055,KVE,0.06294750543379941,26523.584,3.3,0.14053817298025387
395,Estonia,2060,KVE,0.06294750543379941,25846.553,3.3,0.13695084999440463
396,Finland,2025,KVE,0.1658325008986243,185136.27,3.3,2.584310706288361
397,Finland,2026,KVE,0.1660752708132058,185136.27,3.3,2.5880939989844123
398,Finland,2027,KVE,0.1663708269730426,183991.83,3.3,2.576672767641796
399,Finland,2028,KVE,0.1667277743348181,183516.39,3.3,2.5755286138666373
400,Finland,2029,KVE,0.16715471525832198,183516.39,3.3,2.58212378716216
401,Finland,2030,KVE,0.1676595066046457,183516.39,3.3,2.589921555480462
402,Finland,2035,KVE,0.17143516538915984,182508.8,3.3,2.63370587086292
403,Finland,2040,KVE,0.17622119519798715,176547.9,3.3,2.618811866527388
404,Finland,2045,KVE,0.17959353495211958,167715.17,3.3,2.535400698411957
405,Finland,2050,KVE,0.1811138510964687,176547.9,3.3,2.691521311673207
406,Finland,2055,KVE,0.1811138510964687,177363.34,3.3,2.7039528069355914
407,Finland,2060,KVE,0.1811138510964687,172836.19,3.3,2.6349349574760765
408,France,2025,KVE,0.1504046650723039,1.3072112e+06,4.0,13.653519582316818
409,France,2026,KVE,0.15683010927941152,1.4563234e+06,4.0,15.860788491468265
410,France,2027,KVE,0.1646526585370989,1.467334e+06,4.0,16.77780843674845
411,France,2028,KVE,0.17410006210815804,1.3170945e+06,4.0,15.924044275534403
412,France,2029,KVE,0.1854000005228264,1.3055705e+06,4.0,16.80922049265332
413,France,2030,KVE,0.19876042303492092,1.3055705e+06,4.0,18.02053811534748
414,France,2035,KVE,0.2986916064634514,1.2984024e+06,4.0,26.93207589090356
415,France,2040,KVE,0.42536449986207403,1.2984024e+06,4.0,38.3537693851581
416,France,2045,KVE,0.5146209506663008,1.2224971e+06,4.0,43.689073683953644
417,France,2050,KVE,0.5548594891998766,1.212114e+06,4.0,46.705066368389005
418,France,2055,KVE,0.5548594891998766,1.212114e+06,4.0,46.705066368389005
419,France,2060,KVE,0.5548594891998766,1.2145695e+06,4.0,46.79968355926964
420,Germany,2025,KVE,0.04463333417306804,1.9247724e+06,4.0,5.965903415770761
421,Germany,2026,KVE,0.05525713251824291,1.9524355e+06,4.0,7.492082527635337
422,Germany,2027,KVE,0.06819089759038224,1.9524355e+06,4.0,9.245717414163767
423,Germany,2028,KVE,0.08381118891800662,1.9524355e+06,4.0,11.363607112722264
424,Germany,2029,KVE,0.10249445238756391,1.9216599e+06,4.0,13.677742039680314
425,Germany,2030,KVE,0.12458451028859116,1.9216599e+06,4.0,16.62562952601331
426,Germany,2035,KVE,0.2898102451825353,1.9120552e+06,4.0,38.4814727498251
427,Germany,2040,KVE,0.4992505938790787,1.7904392e+06,4.0,62.07485158106302
428,Germany,2045,KVE,0.6468267775305085,1.799433e+06,4.0,80.82787818955244
429,Germany,2050,KVE,0.7133569823391329,1.596263e+06,4.0,79.07676332498708
430,Germany,2055,KVE,0.7133569823391329,1.7877639e+06,4.0,88.56346093276483
431,Germany,2060,KVE,0.7133569823391329,1.7757521e+06,4.0,87.96841806357777
432,Greece,2025,KVE,0.06996139382695804,115657.78,4.3,0.5227118833774234
433,Greece,2026,KVE,0.07763851110177555,124779.81,4.3,0.625821655228487
434,Greece,2027,KVE,0.08698488873787308,125565.89,4.3,0.7055771887558713
435,Greece,2028,KVE,0.0982726414316591,125843.664,4.3,0.7989011190468291
436,Greece,2029,KVE,0.1117738017579232,136412.92,4.3,0.9849735882504077
437,Greece,2030,KVE,0.12773682737302433,141045.64,4.3,1.1638709590133
438,Greece,2035,KVE,0.24713455146243402,141522.34,4.3,2.2593709546213674
439,Greece,2040,KVE,0.39848325620816305,141173.2,4.3,3.6340541366543113
440,Greece,2045,KVE,0.5051268155125997,140788.02,4.3,4.594044309461702
441,Greece,2050,KVE,0.553203799660686,140015.02,4.3,5.003672094439038
442,Greece,2055,KVE,0.553203799660686,132668.86,4.3,4.741144751260097
443,Greece,2060,KVE,0.553203799660686,132668.86,4.3,4.741144751260097
444,Hungary,2025,KVE,0.018263317900996185,198604.5,3.5,0.2878712130103137
445,Hungary,2026,KVE,0.026456257367724518,215284.7,3.5,0.45203393910329687
446,Hungary,2027,KVE,0.03643061407801076,238275.83,3.5,0.6889313164554777
447,Hungary,2028,KVE,0.04847678599711655,236389.75,3.5,0.9094773915317013
448,Hungary,2029,KVE,0.0628850834509685,210856.9,3.5,1.0523614852220655
449,Hungary,2030,KVE,0.07992065785848151,210856.9,3.5,1.3374463002733095
450,Hungary,2035,KVE,0.20734066342989807,236066.69,3.5,3.884621013032924
451,Hungary,2040,KVE,0.36885842223982496,223535.16,3.5,6.543875271945036
452,Hungary,2045,KVE,0.4826673162062744,222307.84,3.5,8.515931416891684
453,Hungary,2050,KVE,0.5339745721420633,209923.11,3.5,8.89631805020013
454,Hungary,2055,KVE,0.5339745721420633,210644.06,3.5,8.926871156331888
455,Hungary,2060,KVE,0.5339745721420633,149158.03,3.5,6.321158770923292
456,Ireland,2025,KVE,0.04777296898089444,92350.06,4.0,0.3063775544066418
457,Ireland,2026,KVE,0.059200849872753786,119666.74,4.0,0.49197032249192574
458,Ireland,2027,KVE,0.07311353175219001,113000.1,4.0,0.5737386618070547
459,Ireland,2028,KVE,0.08991607477761454,113000.1,4.0,0.7055920727876256
460,Ireland,2029,KVE,0.11001341686414802,111761.164,4.0,0.8538352862585158
461,Ireland,2030,KVE,0.13377540315051897,116360.54,4.0,1.0809846008692863
462,Ireland,2035,KVE,0.31150656457598946,109484.16,4.0,2.3684051083370843
463,Ireland,2040,KVE,0.5367988076220608,109484.16,4.0,4.081317001623596
464,Ireland,2045,KVE,0.6955445776798733,109484.16,4.0,5.288271639140109
465,Ireland,2050,KVE,0.7671102485973076,109484.16,4.0,5.832390190263209
466,Ireland,2055,KVE,0.7671102485973076,109484.16,4.0,5.832390190263209
467,Ireland,2060,KVE,0.7671102485973076,115943.37,4.0,6.176482785350975
468,Italy,2025,KVE,0.05067213718326284,501846.66,4.0,1.7659474859784698
469,Italy,2026,KVE,0.06071879659222412,506145.56,4.0,2.1342048757996204
470,Italy,2027,KVE,0.07294993354846355,506145.56,4.0,2.5641170873983934
471,Italy,2028,KVE,0.08772165094544042,509162.22,4.0,3.1017051168811887
472,Italy,2029,KVE,0.10538994420815867,507510.53,4.0,3.714340625275173
473,Italy,2030,KVE,0.12627995744496412,464741.7,4.0,4.075524924808145
474,Italy,2035,KVE,0.2825297873213673,504707.25,4.0,9.902418788439943
475,Italy,2040,KVE,0.4805922675645035,484719.94,4.0,16.177267313951226
476,Italy,2045,KVE,0.6201513598823303,484719.94,4.0,20.874980729023726
477,Italy,2050,KVE,0.6830673044817743,431362.6,4.0,20.461783952768528
478,Italy,2055,KVE,0.6830673044817743,456382.97,4.0,21.648631113031467
479,Italy,2060,KVE,0.6830673044817743,456382.97,4.0,21.648631113031467
480,Latvia,2025,KVE,0.0030586548922214617,36026.875,3.3,0.009275570572695999
481,Latvia,2026,KVE,0.004669271336353508,35758.133,3.3,0.01405424439155908
482,Latvia,2027,KVE,0.006630089306810332,35809.766,3.3,0.019985011708025253
483,Latvia,2028,KVE,0.008998196951269855,35136.254,3.3,0.026613042219323566
484,Latvia,2029,KVE,0.011830665188751751,35053.547,3.3,0.03490797939137592
485,Latvia,2030,KVE,0.015179619051696888,35053.547,3.3,0.04478952117835064
486,Latvia,2035,KVE,0.04022859654239382,30182.11,3.3,0.10220403748303389
487,Latvia,2040,KVE,0.07198071181372813,30372.484,3.3,0.18402634493814707
488,Latvia,2045,KVE,0.09435393657087889,30205.72,3.3,0.23990140656649483
489,Latvia,2050,KVE,0.10444022006522921,29861.377,3.3,0.2625192743803914
490,Latvia,2055,KVE,0.10444022006522921,29962.049,3.3,0.263404283028412
491,Latvia,2060,KVE,0.10444022006522921,29962.049,3.3,0.263404283028412
492,Lithuania,2025,KVE,0.0853480463016755,56148.918,3.3,0.4033838831084967
493,Lithuania,2026,KVE,0.08678868404392628,56286.117,3.3,0.4111951239417771
494,Lithuania,2027,KVE,0.08854256429531412,56553.055,3.3,0.4214943146293346
495,Lithuania,2028,KVE,0.09066075032448973,56503.402,3.3,0.43119873065287845
496,Lithuania,2029,KVE,0.0931942899896966,56827.703,3.3,0.4457927348898296
497,Lithuania,2030,KVE,0.0961898072337884,56827.703,3.3,0.4601217224791011
498,Lithuania,2035,KVE,0.11859520518521395,36643.51,3.3,0.36580345506298473
499,Lithuania,2040,KVE,0.14699631571828858,36347.906,3.3,0.4497481719391316
500,Lithuania,2045,KVE,0.16700835031438427,36347.906,3.3,0.5109767539780548
501,Lithuania,2050,KVE,0.17603016350519193,36048.047,3.3,0.534136682398957
502,Lithuania,2055,KVE,0.17603016350519193,35420.113,3.3,0.5248323638625638
503,Lithuania,2060,KVE,0.17603016350519193,35420.113,3.3,0.5248323638625638
504,Luxembourg,2025,KVE,0.026037740824893383,17289.65,4.0,0.03126274058541853
505,Luxembourg,2026,KVE,0.039872419921986646,18189.396,4.0,0.05036495086622278
506,Luxembourg,2027,KVE,0.05671521790031139,18289.717,4.0,0.07203509339345199
507,Luxembourg,2028,KVE,0.07705650365324943,17359.625,4.0,0.09289389375946168
508,Luxembourg,2029,KVE,0.10138649808552945,17295.588,4.0,0.12177354534577421
509,Luxembourg,2030,KVE,0.1301529385211881,17289.65,4.0,0.15627076023153752
510,Luxembourg,2035,KVE,0.3453156276621496,17295.588,4.0,0.4147525463227628
511,Luxembourg,2040,KVE,0.618056122168618,17359.625,4.0,0.745084931551983
512,Luxembourg,2045,KVE,0.8102349528331251,17289.65,4.0,0.9728249971458316
513,Luxembourg,2050,KVE,0.8968728956748442,17289.65,4.0,1.076848596970801
514,Luxembourg,2055,KVE,0.8968728956748442,17289.65,4.0,1.076848596970801
515,Luxembourg,2060,KVE,0.8968728956748442,17289.65,4.0,1.076848596970801
516,Netherlands,2025,KVE,0.08179937353873397,286897.84,4.0,1.6297267032931382
517,Netherlands,2026,KVE,0.09447132544562444,295509.16,4.0,1.9386903874998944
518,Netherlands,2027,KVE,0.10989858071196783,295509.16,4.0,2.255280329996063
519,Netherlands,2028,KVE,0.1285302954757533,286897.84,4.0,2.5607684467143703
520,Netherlands,2029,KVE,0.1508154903239332,286897.84,4.0,3.004766677519545
521,Netherlands,2030,KVE,0.17716427276946778,286897.84,4.0,3.5297256410550713
522,Netherlands,2035,KVE,0.37424374456757725,286897.84,4.0,7.45623099146826
523,Netherlands,2040,KVE,0.6240619300991551,286897.84,4.0,12.43347409634685
524,Netherlands,2045,KVE,0.8000892078272481,278581.6,4.0,15.478482096372566
525,Netherlands,2050,KVE,0.8794457174576635,276124.1,4.0,16.863622572724886
526,Netherlands,2055,KVE,0.8794457174576635,276124.1,4.0,16.863622572724886
527,Netherlands,2060,KVE,0.8794457174576635,275280.34,4.0,16.812092550217603
528,Norway,2025,KVE,0.16802015074439342,166710.2,3.3,2.3578008886355653
529,Norway,2026,KVE,0.16805658557711448,166575.75,3.3,2.3564100932689684
530,Norway,2027,KVE,0.16810094255298563,167946.45,3.3,2.376427459416739
531,Norway,2028,KVE,0.16815451310121002,167345.14,3.3,2.3686735980946407
532,Norway,2029,KVE,0.16821858826124975,166575.75,3.3,2.3586816184146335
533,Norway,2030,KVE,0.1682943471883559,166575.75,3.3,2.359743874320138
534,Norway,2035,KVE,0.16886099687582945,166575.75,3.3,2.367689168688252
535,Norway,2040,KVE,0.16957928273008474,165978.56,3.3,2.3692361440248466
536,Norway,2045,KVE,0.17008540242383766,164514.38,3.3,2.355344546231282
537,Norway,2050,KVE,0.1703135709944696,155224.75,3.3,2.225326851591805
538,Norway,2055,KVE,0.1703135709944696,160349.6,3.3,2.2987972829602517
539,Norway,2060,KVE,0.1703135709944696,161090.22,3.3,2.309415066474682
540,Poland,2025,KVE,0.043264211703490756,519469.03,3.5,1.783683956842727
541,Poland,2026,KVE,0.0459513142757506,716196.6,3.5,2.611918811808096
542,Poland,2027,KVE,0.04922268222393223,716196.6,3.5,2.7978666485321213
543,Poland,2028,KVE,0.05317355964480977,717946.56,3.5,3.0298235218303917
544,Poland,2029,KVE,0.057899161891397724,707407.94,3.5,3.2506609757053972
545,Poland,2030,KVE,0.06348645275278522,512207.1,3.5,2.580810548727405
546,Poland,2035,KVE,0.10527739068400892,522007.75,3.5,4.361556614958983
547,Poland,2040,KVE,0.1582516359993003,519141.7,3.5,6.52023978452708
548,Poland,2045,KVE,0.19557843097504968,519560.7,3.5,8.064672031029167
549,Poland,2050,KVE,0.21240607384493004,501031.8,3.5,8.446206551583645
550,Poland,2055,KVE,0.21240607384493004,497621.78,3.5,8.38872126867634
551,Poland,2060,KVE,0.21240607384493004,497220.44,3.5,8.381955788523618
552,Portugal,2025,KVE,0.17875293169380305,63904.44,4.3,0.7379267740549872
553,Portugal,2026,KVE,0.1837826062207097,73337.27,4.3,0.8706793152917299
554,Portugal,2027,KVE,0.18990589909645214,65568.07,4.3,0.8043775320832375
555,Portugal,2028,KVE,0.19730108665939147,65774.5,4.3,0.8383320755295407
556,Portugal,2029,KVE,0.20614639144579086,65774.5,4.3,0.8759157647317948
557,Portugal,2030,KVE,0.2166045908498817,91741.81,4.3,1.2837014219365936
558,Portugal,2035,KVE,0.2948281831080062,65935.22,4.3,1.2557855500655182
559,Portugal,2040,KVE,0.3939845067240212,65935.22,4.3,1.6781301070951835
560,Portugal,2045,KVE,0.46385218940898193,66606.67,4.3,1.9958431301223167
561,Portugal,2050,KVE,0.495349895363444,66342.56,4.3,2.1229187063256005
562,Portugal,2055,KVE,0.495349895363444,65178.91,4.3,2.085682625083661
563,Portugal,2060,KVE,0.495349895363444,62986.863,4.3,2.015538548139343
564,Romania,2025,KVE,0.004786159747460917,256532.42,3.5,0.09744485908950709
565,Romania,2026,KVE,0.010506113469704337,258717.1,3.5,0.21572310845828227
566,Romania,2027,KVE,0.017469775171792833,278341.0,3.5,0.38591705640823043
567,Romania,2028,KVE,0.02587988807294288,257340.05,3.5,0.5285659910002698
568,Romania,2029,KVE,0.035939134206401914,259349.0,3.5,0.7397443326886392
569,Romania,2030,KVE,0.047832630751631536,259349.0,3.5,0.9845511946084872
570,Romania,2035,KVE,0.13679173244111906,257968.61,3.5,2.800632945436918
571,Romania,2040,KVE,0.24955640127153395,259981.22,3.5,5.149204928708905
572,Romania,2045,KVE,0.32901281728820864,258214.0,3.5,6.742517229307723
573,Romania,2050,KVE,0.36483331013571707,258888.62,3.5,7.496126364229078
574,Romania,2055,KVE,0.36483331013571707,257787.84,3.5,7.464253392768204
575,Romania,2060,KVE,0.36483331013571707,249323.33,3.5,7.2191636187344
576,Slovakia,2025,KVE,0.06317458178479567,80347.78,3.5,0.4028521890407539
577,Slovakia,2026,KVE,0.07088433830969697,102091.07,3.5,0.5743379438013472
578,Slovakia,2027,KVE,0.08027045205325802,109054.81,3.5,0.6947523441624917
579,Slovakia,2028,KVE,0.09160619460702249,114423.75,3.5,0.8318987847278716
580,Slovakia,2029,KVE,0.10516475509177522,113941.56,3.5,0.9510029120319246
581,Slovakia,2030,KVE,0.12119564748114776,106812.266,3.5,1.027395395812542
582,Slovakia,2035,KVE,0.24110099077663288,107048.75,3.5,2.048377860920355
583,Slovakia,2040,KVE,0.39309315426438984,106575.484,3.5,3.3249280679459505
584,Slovakia,2045,KVE,0.5001901084665938,107133.11,3.5,4.252930312259183
585,Slovakia,2050,KVE,0.5484714918250493,99479.805,3.5,4.330304627472182
586,Slovakia,2055,KVE,0.5484714918250493,106248.71,3.5,4.624951494047528
587,Slovakia,2060,KVE,0.5484714918250493,106544.9,3.5,4.637844552972266
588,Slovenia,2025,KVE,0.09365029440107764,35596.24,4.3,0.21534872316677617
589,Slovenia,2026,KVE,0.0970275306756475,36189.14,4.3,0.22683093575542576
590,Slovenia,2027,KVE,0.10113909032213048,36290.023,4.3,0.23710207684766085
591,Slovenia,2028,KVE,0.10610467916116954,35894.46,4.3,0.24603168193098796
592,Slovenia,2029,KVE,0.11204396688733319,35733.656,4.3,0.25863957945476296
593,Slovenia,2030,KVE,0.11906625236629102,35733.656,4.3,0.27484965317444193
594,Slovenia,2035,KVE,0.17159043696075174,35820.766,4.3,0.39706076908413185
595,Slovenia,2040,KVE,0.23817015920272958,35752.64,4.3,0.550078335458484
596,Slovenia,2045,KVE,0.28508366645285127,34122.914,4.3,0.6284163669019637
597,Slovenia,2050,KVE,0.30623318508394404,33788.168,4.3,0.6684146031596565
598,Slovenia,2055,KVE,0.30623318508394404,33273.9,4.3,0.6582411215894993
599,Slovenia,2060,KVE,0.30623318508394404,33875.8,4.3,0.6701482060935995
600,Spain,2025,KVE,0.040110957662330464,291733.7,4.3,0.75592495053664
601,Spain,2026,KVE,0.049599968238317485,398969.1,4.3,1.2783498184365578
602,Spain,2027,KVE,0.06115220497788274,386538.47,4.3,1.5269819821509767
603,Spain,2028,KVE,0.07510400496429206,365347.2,4.3,1.7725475880369004
604,Spain,2029,KVE,0.09179160377748874,386538.47,4.3,2.292053493928155
605,Spain,2030,KVE,0.11152209811073399,386538.47,4.3,2.784727623286108
606,Spain,2035,KVE,0.2590991411695325,370345.06,4.3,6.198714024665698
607,Spain,2040,KVE,0.4461679859695227,367104.7,4.3,10.580772725131736
608,Spain,2045,KVE,0.5779807258139524,366406.53,4.3,13.680614850400652
609,Spain,2050,KVE,0.6374044645315032,365089.1,4.3,15.03290900888824
610,Spain,2055,KVE,0.6374044645315032,284134.12,4.3,11.699506688342636
611,Spain,2060,KVE,0.6374044645315032,274484.72,4.3,11.302182927184086
612,Sweden,2025,KVE,0.00041730796125727935,220467.4,3.3,0.007744343951488167
613,Sweden,2026,KVE,0.0009287108155367754,220467.4,3.3,0.017234888031646464
614,Sweden,2027,KVE,0.001551309641264358,219835.66,3.3,0.028706496110418995
615,Sweden,2028,KVE,0.002303231064288401,220467.4,3.3,0.04274304642514267
616,Sweden,2029,KVE,0.003202596240014557,220467.4,3.3,0.05943334209510686
617,Sweden,2030,KVE,0.004265955906184756,220467.4,3.3,0.07916702504270963
618,Sweden,2035,KVE,0.012219506009436411,212811.25,3.3,0.21889296833776858
619,Sweden,2040,KVE,0.022301436091755028,213422.81,3.3,0.40064269645698153
620,Sweden,2045,KVE,0.02940538131839741,265526.9,3.3,0.6572323426006427
621,Sweden,2050,KVE,0.03260797755841197,260037.02,3.3,0.7137442206242813
622,Sweden,2055,KVE,0.03260797755841197,257743.11,3.3,0.7074479225043006
623,Sweden,2060,KVE,0.03260797755841197,250481.11,3.3,0.6875153620184106
624,Austria,2025,VWE,0.07127662279999096,239536.45,4.0,1.1856492505152854
625,Austria,2026,VWE,0.07514885935289067,239343.27,4.0,1.2490537998136997
626,Austria,2027,VWE,0.07962499878616369,249028.19,4.0,1.3770048599135216
627,Austria,2028,VWE,0.08478042480782051,239343.27,4.0,1.4091406398965456
628,Austria,2029,VWE,0.0906933903326676,239343.27,4.0,1.5074204024980729
629,Austria,2030,VWE,0.09744269690485821,239343.27,4.0,1.619601040936173
630,Austria,2035,VWE,0.14605375532096787,230696.06,4.0,2.339863128276584
631,Austria,2040,VWE,0.22003464513793194,230696.06,4.0,3.525078502570732
632,Austria,2045,VWE,0.30431601904579864,230696.06,4.0,4.875313412820916
633,Austria,2050,VWE,0.3737588571006148,230696.06,4.0,5.987826651047933
634,Austria,2055,VWE,0.41726007432882944,224807.61,4.0,6.514114056989927
635,Austria,2060,VWE,0.4400161178666293,224807.61,4.0,6.869373215991651
636,Belgium,2025,VWE,0.0483520208392427,282488.4,4.0,0.9485337022046392
637,Belgium,2026,VWE,0.05655826918251371,282488.4,4.0,1.1095177311479774
638,Belgium,2027,VWE,0.06604434042499496,287193.5,4.0,1.3171878376818764
639,Belgium,2028,VWE,0.07696999170458843,282488.4,4.0,1.5099396038264346
640,Belgium,2029,VWE,0.08950106073387033,282488.4,4.0,1.7557647232861742
641,Belgium,2030,VWE,0.10380454790972257,282488.4,4.0,2.0363598134160243
642,Belgium,2035,VWE,0.20682367190748654,267667.16,4.0,3.8444378832287245
643,Belgium,2040,VWE,0.3636078833574678,267667.16,4.0,6.758742403748324
644,Belgium,2045,VWE,0.5422214250539602,267667.16,4.0,10.078810458931098
645,Belgium,2050,VWE,0.6893883573821592,267667.16,4.0,12.81434901978868
646,Belgium,2055,VWE,0.7815784358891097,259908.34,4.0,14.106858096655486
647,Belgium,2060,VWE,0.8298042459682052,259908.34,4.0,14.97729493081423
648,Bulgaria,2025,VWE,0.00035924195143973895,62228.754,3.5,0.0017742205259650091
649,Bulgaria,2026,VWE,0.0007758202197726828,59683.47,3.5,0.00367489215522322
650,Bulgaria,2027,VWE,0.0012573668372006209,66142.99,3.5,0.006600476980544335
651,Bulgaria,2028,VWE,0.001811991642602072,67859.46,3.5,0.009758792450996001
652,Bulgaria,2029,VWE,0.0024481131463900112,64984.266,3.5,0.012626098512757434
653,Bulgaria,2030,VWE,0.0031742088809560863,65638.77,3.5,0.016535807337008816
654,Bulgaria,2035,VWE,0.008403824959459898,76946.914,3.5,0.05132130327904522
655,Bulgaria,2040,VWE,0.016362747548164497,89925.74,3.5,0.11678033987389473
656,Bulgaria,2045,VWE,0.025429804355158524,90449.12,3.5,0.18254789313572256
657,Bulgaria,2050,VWE,0.03290051974916961,82902.44,3.5,0.21647090362219049
658,Bulgaria,2055,VWE,0.03758041507471074,87063.54,3.5,0.25967333069899606
659,Bulgaria,2060,VWE,0.04002852822110075,84620.41,3.5,0.2688278058621587
660,Croatia,2025,VWE,0.011711546708987542,74424.516,4.3,0.05630660315047414
661,Croatia,2026,VWE,0.014708679338590457,74424.516,4.3,0.07071617361607982
662,Croatia,2027,VWE,0.018173236156553613,95803.336,4.3,0.1124713592973249
663,Croatia,2028,VWE,0.022163564572166738,88221.734,4.3,0.12631190008763746
664,Croatia,2029,VWE,0.0267402327767384,88437.305,4.3,0.15276706159503153
665,Croatia,2030,VWE,0.03196423360374309,58405.727,4.3,0.12060041418119571
666,Croatia,2035,VWE,0.06958946319601918,58515.617,4.3,0.2630536606503117
667,Croatia,2040,VWE,0.1268510834013856,58194.336,4.3,0.4768743569376321
668,Croatia,2045,VWE,0.19208533558514493,56746.414,4.3,0.7041443112804959
669,Croatia,2050,VWE,0.24583447848563816,56824.723,4.3,0.9024209827692942
670,Croatia,2055,VWE,0.2795046625771788,56746.414,4.3,1.0246051190245862
671,Croatia,2060,VWE,0.2971179668461887,56746.414,4.3,1.0891717761621282
672,Czechia,2025,VWE,0.07349596710465384,252411.48,3.5,1.472319585752313
673,Czechia,2026,VWE,0.07586773110243228,252411.48,3.5,1.5198323231755653
674,Czechia,2027,VWE,0.07860938859464395,252411.48,3.5,1.574755010531457
675,Czechia,2028,VWE,0.08176711247445684,252411.48,3.5,1.6380126136054616
676,Czechia,2029,VWE,0.08538883303836078,252411.48,3.5,1.710565303643063
677,Czechia,2030,VWE,0.08952281662102797,248276.23,3.5,1.7639990648078936
678,Czechia,2035,VWE,0.11929732979194888,253026.8,3.5,2.395668473180705
679,Czechia,2040,VWE,0.1646109898936523,251637.56,3.5,3.2874847632080493
680,Czechia,2045,VWE,0.21623374733296494,251637.56,3.5,4.3184549835205965
681,Czechia,2050,VWE,0.2587678283354893,221538.73,3.5,4.549769807245692
682,Czechia,2055,VWE,0.28541253856223325,242546.19,3.5,5.494104888478517
683,Czechia,2060,VWE,0.29935072752809483,241518.56,3.5,5.737996940639566
684,Denmark,2025,VWE,0.10378562280311761,144214.72,3.3,1.2598834461584012
685,Denmark,2026,VWE,0.10535386759478112,148310.38,3.3,1.3152417267312266
686,Denmark,2027,VWE,0.10716669133555526,148310.38,3.3,1.3378730878906082
687,Denmark,2028,VWE,0.10925462421280042,148310.38,3.3,1.3639389220688956
688,Denmark,2029,VWE,0.11164935843446962,135464.86,3.3,1.273111498211042
689,Denmark,2030,VWE,0.11438280840184105,135464.86,3.3,1.304280388315213
690,Denmark,2035,VWE,0.13407014881528417,135464.86,3.3,1.5287705224368553
691,Denmark,2040,VWE,0.16403219879676167,139250.92,3.3,1.9226966002075103
692,Denmark,2045,VWE,0.1981659155414885,138022.52,3.3,2.3023029061384737
693,Denmark,2050,VWE,0.22629006746507008,119997.7,3.3,2.2857144854545464
694,Denmark,2055,VWE,0.24390793672930275,134349.66,3.3,2.7583290758676067
695,Denmark,2060,VWE,0.2531240696461563,139196.75,3.3,2.9658289402878513
696,Estonia,2025,VWE,0.0005649317048429772,33876.965,3.3,0.0016109571661126112
697,Estonia,2026,VWE,0.001220028556384666,33983.62,3.3,0.0034899821437084683
698,Estonia,2027,VWE,0.001977292429533867,34885.96,3.3,0.005806376190569007
699,Estonia,2028,VWE,0.0028494765817686737,29767.97,3.3,0.007139994643255978
700,Estonia,2029,VWE,0.003849819676949974,29029.438,3.3,0.009407247988328316
701,Estonia,2030,VWE,0.0049916531948998805,29100.373,3.3,0.012227186047520634
702,Estonia,2035,VWE,0.013215570014923572,28391.18,3.3,0.03158296507439352
703,Estonia,2040,VWE,0.02573150165578705,26739.293,3.3,0.0579160100162117
704,Estonia,2045,VWE,0.03999004757269534,26523.584,3.3,0.08928277911140754
705,Estonia,2050,VWE,0.05173824114257499,26378.104,3.3,0.11487850816688791
706,Estonia,2055,VWE,0.059097685756849434,26523.584,3.3,0.1319429694058884
707,Estonia,2060,VWE,0.06294750543379941,25846.553,3.3,0.13695084999440463
708,Finland,2025,VWE,0.16577332174701834,185136.27,3.3,2.5833884665931524
709,Finland,2026,VWE,0.16593441693557967,185136.27,3.3,2.585898951680663
710,Finland,2027,VWE,0.16612063606661132,183991.83,3.3,2.572797929083606
711,Finland,2028,VWE,0.1663351152999244,183516.39,3.3,2.5694630103167984
712,Finland,2029,VWE,0.1665811101618521,183516.39,3.3,2.57326301789374
713,Finland,2030,VWE,0.16686189900314619,183516.39,3.3,2.5776005057423763
714,Finland,2035,VWE,0.1688842464281363,182508.8,3.3,2.5945168851697424
715,Finland,2040,VWE,0.17196204532605608,176547.9,3.3,2.555516913764186
716,Finland,2045,VWE,0.17546837135661045,167715.17,3.3,2.477163954734598
717,Finland,2050,VWE,0.17835737540836388,176547.9,3.3,2.650557503467884
718,Finland,2055,VWE,0.18016714004858947,177363.34,3.3,2.6898188134294485
719,Finland,2060,VWE,0.1811138510964687,172836.19,3.3,2.6349349574760765
720,France,2025,VWE,0.1488383575768974,1.3072112e+06,4.0,13.511332436391646
721,France,2026,VWE,0.15310209902080235,1.4563234e+06,4.0,15.48376151318262
722,France,2027,VWE,0.1580308013223318,1.467334e+06,4.0,16.10305314987994
723,France,2028,VWE,0.16370746990629612,1.3170945e+06,4.0,14.97348689860933
724,France,2029,VWE,0.17021826949724367,1.3055705e+06,4.0,15.432774626690357
725,France,2030,VWE,0.17764996891858179,1.3055705e+06,4.0,16.106566826561554
726,France,2035,VWE,0.23117587870465642,1.2984024e+06,4.0,20.84439661072952
727,France,2040,VWE,0.31263665251335915,1.2984024e+06,4.0,28.1894565149025
728,France,2045,VWE,0.40543934727928665,1.2224971e+06,4.0,34.42003185980814
729,France,2050,VWE,0.481903246772972,1.212114e+06,4.0,40.564005053117164
730,France,2055,VWE,0.5298026816918836,1.212114e+06,4.0,44.595920034191245
731,France,2060,VWE,0.5548594891998766,1.2145695e+06,4.0,46.79968355926964
732,Germany,2025,VWE,0.04204360894296985,1.9247724e+06,4.0,5.619748442533894
733,Germany,2026,VWE,0.049093258404699636,1.9524355e+06,4.0,6.656348723797885
734,Germany,2027,VWE,0.05724235092921768,1.9524355e+06,4.0,7.761249954401351
735,Germany,2028,VWE,0.06662812728405958,1.9524355e+06,4.0,9.033827951697688
736,Germany,2029,VWE,0.07739305180765299,1.9216599e+06,4.0,10.32799506343947
737,Germany,2030,VWE,0.08968058765255445,1.9216599e+06,4.0,11.967749622587487
738,Germany,2035,VWE,0.17818006776324632,1.9120552e+06,4.0,23.65903737417821
739,Germany,2040,VWE,0.3128669168107037,1.7904392e+06,4.0,38.900639606155664
740,Germany,2045,VWE,0.46630644306033536,1.799433e+06,4.0,58.269944424040986
741,Germany,2050,VWE,0.5927314843062081,1.596263e+06,4.0,65.70523378919913
742,Germany,2055,VWE,0.6719281781104195,1.7877639e+06,4.0,83.42006376187048
743,Germany,2060,VWE,0.7133569823391329,1.7757521e+06,4.0,87.96841806357777
744,Greece,2025,VWE,0.06808997047581289,115657.78,4.3,0.5087296687449779
745,Greece,2026,VWE,0.07318428645448867,124779.81,4.3,0.5899174344755873
746,Greece,2027,VWE,0.07907309730738649,125565.89,4.3,0.641400759532999
747,Greece,2028,VWE,0.0858555778713231,125843.664,4.3,0.6979573993186217
748,Greece,2029,VWE,0.09363467771273912,136412.92,4.3,0.8251279194308112
749,Greece,2030,VWE,0.10251406817506624,141045.64,4.3,0.9340544093117652
750,Greece,2035,VWE,0.16646679633266925,141522.34,4.3,1.521884505089426
751,Greece,2040,VWE,0.2637960849653549,141173.2,4.3,2.4057453829396858
752,Greece,2045,VWE,0.3746766946435191,140788.02,4.3,3.4076221733907204
753,Greece,2050,VWE,0.46603572053834186,140015.02,4.3,4.21524568576677
754,Greece,2055,VWE,0.5232659395577839,132668.86,4.3,4.484567105954888
755,Greece,2060,VWE,0.553203799660686,132668.86,4.3,4.741144751260097
756,Hungary,2025,VWE,0.01626615442365193,198604.5,3.5,0.2563913977916547
757,Hungary,2026,VWE,0.021702755291348037,215284.7,3.5,0.37081518475516534
758,Hungary,2027,VWE,0.02798723280051199,238275.83,3.5,0.5292603933580324
759,Hungary,2028,VWE,0.03522542530238633,236389.75,3.5,0.6608674081964653
760,Hungary,2029,VWE,0.043527199500289604,210856.9,3.5,0.7284135728212418
761,Hungary,2030,VWE,0.05300319237041549,210856.9,3.5,0.8869912415387314
762,Hungary,2035,VWE,0.12125287669477396,236066.69,3.5,2.2717274311146474
763,Hungary,2040,VWE,0.22512167816834258,223535.16,3.5,3.993858060767714
764,Hungary,2045,VWE,0.3434523080920239,222307.84,3.5,6.059694125704729
765,Hungary,2050,VWE,0.44094970745451334,209923.11,3.5,7.346471248474336
766,Hungary,2055,VWE,0.5020252001569533,210644.06,3.5,8.392748480615941
767,Hungary,2060,VWE,0.5339745721420633,149158.03,3.5,6.321158770923292
768,Ireland,2025,VWE,0.044987235431495264,92350.06,4.0,0.2885120909384872
769,Ireland,2026,VWE,0.05257045112897679,119666.74,4.0,0.436870447823956
770,Ireland,2027,VWE,0.06133632334540774,113000.1,4.0,0.4813202047964938
771,Ireland,2028,VWE,0.07143248017894537,113000.1,4.0,0.5605470643428392
772,Ireland,2029,VWE,0.08301216865461705,111761.164,4.0,0.6442734059762998
773,Ireland,2030,VWE,0.09622971020874137,116360.54,4.0,0.777593133206415
774,Ireland,2035,VWE,0.19142744315100896,109484.16,4.0,1.4554355695581453
775,Ireland,2040,VWE,0.33630832460272164,109484.16,4.0,2.5569745377583177
776,Ireland,2045,VWE,0.5013612155850244,109484.16,4.0,3.811882634736576
777,Ireland,2050,VWE,0.6373549784713867,109484.16,4.0,4.845852249985155
778,Ireland,2055,VWE,0.7225458258894044,109484.16,4.0,5.4935639233588285
779,Ireland,2060,VWE,0.7671102485973076,115943.37,4.0,6.176482785350975
780,Italy,2025,VWE,0.04822309904226618,501846.66,4.0,1.6805973707363018
781,Italy,2026,VWE,0.05488977557295674,506145.56,4.0,1.9293206261329847
782,Italy,2027,VWE,0.06259616780913181,506145.56,4.0,2.2001925934370177
783,Italy,2028,VWE,0.0714720608995354,509162.22,4.0,2.527144149897644
784,Italy,2029,VWE,0.08165217979277836,507510.53,4.0,2.877731939468194
785,Italy,2030,VWE,0.09327219399092024,464741.7,4.0,3.0102413644477766
786,Italy,2035,VWE,0.1769639307553034,504707.25,4.0,6.202429023153738
787,Italy,2040,VWE,0.3043339028953114,484719.94,4.0,10.244215798113606
788,Italy,2045,VWE,0.4494378111225011,484719.94,4.0,15.128573849869476
789,Italy,2050,VWE,0.5689947990182704,431362.6,4.0,17.044658075961898
790,Italy,2055,VWE,0.6438891242977106,456382.97,4.0,20.4069467798483
791,Italy,2060,VWE,0.6830673044817743,456382.97,4.0,21.648631113031467
792,Latvia,2025,VWE,0.002666040696633477,36026.875,3.3,0.00808494240203184
793,Latvia,2026,VWE,0.003734799814560968,35758.133,3.3,0.01124153761181537
794,Latvia,2027,VWE,0.004970239531910597,35809.766,3.3,0.014981743177258951
795,Latvia,2028,VWE,0.006393166177061003,35136.254,3.3,0.018908410463416785
796,Latvia,2029,VWE,0.008025177995641368,35053.547,3.3,0.02367937420377038
797,Latvia,2030,VWE,0.009888024658073428,35053.547,3.3,0.029175955491802994
798,Latvia,2035,VWE,0.023304950820659698,30182.11,3.3,0.059208132322113353
799,Latvia,2040,VWE,0.043724093469643684,30372.484,3.3,0.11178529503535459
800,Latvia,2045,VWE,0.06698622779561483,30205.72,3.3,0.1703171150329244
801,Latvia,2050,VWE,0.08615284257545545,29861.377,3.3,0.2165524134724258
802,Latvia,2055,VWE,0.09815942376398928,29962.049,3.3,0.24756375104234055
803,Latvia,2060,VWE,0.10444022006522921,29962.049,3.3,0.263404283028412
804,Lithuania,2025,VWE,0.08499686720477245,56148.918,3.3,0.4017240913040707
805,Lithuania,2026,VWE,0.08595283330599449,56286.117,3.3,0.407234956189876
806,Lithuania,2027,VWE,0.08705788913202553,56553.055,3.3,0.4144267291648978
807,Lithuania,2028,VWE,0.08833064518572561,56503.402,3.3,0.42011633419656513
808,Lithuania,2029,VWE,0.08979042031108965,56827.703,3.3,0.42951040285637004
809,Lithuania,2030,VWE,0.09145666879607377,56827.703,3.3,0.4374808640209889
810,Lithuania,2035,VWE,0.10345762053429478,36643.51,3.3,0.3191120162483485
811,Lithuania,2040,VWE,0.12172179986246595,36347.906,3.3,0.37241856508974996
812,Lithuania,2045,VWE,0.14252893168916309,36347.906,3.3,0.43607981711927474
813,Lithuania,2050,VWE,0.15967277046196304,36048.047,3.3,0.48450266809805925
814,Lithuania,2055,VWE,0.17041221999299122,35420.113,3.3,0.5080825153431782
815,Lithuania,2060,VWE,0.17603016350519193,35420.113,3.3,0.5248323638625638
816,Luxembourg,2025,VWE,0.02266531070677778,17289.65,4.0,0.027213564098328574
817,Luxembourg,2026,VWE,0.031845609022052565,18189.396,4.0,0.040225863813602804
818,Luxembourg,2027,VWE,0.04245764026984382,18289.717,4.0,0.05392626873936413
819,Luxembourg,2028,VWE,0.05468012414307155,17359.625,4.0,0.06591850657743237
820,Luxembourg,2029,VWE,0.06869858265005041,17295.588,4.0,0.08251266319968038
821,Luxembourg,2030,VWE,0.08469983848953559,17289.65,4.0,0.10169657560281217
822,Luxembourg,2035,VWE,0.19994693447259257,17295.588,4.0,0.2401527575319414
823,Luxembourg,2040,VWE,0.3753408260571889,17359.625,4.0,0.4524844648576885
824,Luxembourg,2045,VWE,0.5751551050469442,17289.65,4.0,0.6905716193423009
825,Luxembourg,2050,VWE,0.7397901836361209,17289.65,4.0,0.8882440590446228
826,Luxembourg,2055,VWE,0.8429228682686043,17289.65,4.0,1.012072404492343
827,Luxembourg,2060,VWE,0.8968728956748442,17289.65,4.0,1.076848596970801
828,Netherlands,2025,VWE,0.07871037725871988,286897.84,4.0,1.5681832035555965
829,Netherlands,2026,VWE,0.08711912298571774,295509.16,4.0,1.7878123917827888
830,Netherlands,2027,VWE,0.09683927252172565,295509.16,4.0,1.9872841402909274
831,Netherlands,2028,VWE,0.10803452517177287,286897.84,4.0,2.1524217476636434
832,Netherlands,2029,VWE,0.12087481085982317,286897.84,4.0,2.408244690535195
833,Netherlands,2030,VWE,0.13553125088454399,286897.84,4.0,2.7002517151634615
834,Netherlands,2035,VWE,0.24109247478115936,286897.84,4.0,4.803396739069503
835,Netherlands,2040,VWE,0.40174549342539656,286897.84,4.0,8.004161037407135
836,Netherlands,2045,VWE,0.5847665028682658,278581.6,4.0,11.312860811839831
837,Netherlands,2050,VWE,0.7355649264115708,276124.1,4.0,14.104667349563877
838,Netherlands,2055,VWE,0.8300298872913583,276124.1,4.0,15.916059929004854
839,Netherlands,2060,VWE,0.8794457174576635,275280.34,4.0,16.812092550217603
840,Norway,2025,VWE,0.1680112691558611,166710.2,3.3,2.357676254672072
841,Norway,2026,VWE,0.16803544627128958,166575.75,3.3,2.3561136879038385
842,Norway,2027,VWE,0.16806339398013273,167946.45,3.3,2.3758966387191607
843,Norway,2028,VWE,0.16809558295627244,167345.14,3.3,2.3678434908565347
844,Norway,2029,VWE,0.16813250178808087,166575.75,3.3,2.3574745545344977
845,Norway,2030,VWE,0.1681746424894117,166575.75,3.3,2.358065431551381
846,Norway,2035,VWE,0.16847815575735683,166575.75,3.3,2.36232115128751
847,Norway,2040,VWE,0.1689400708516884,165978.56,3.3,2.3603055490747717
848,Norway,2045,VWE,0.16946629916382913,164514.38,3.3,2.346771197394552
849,Norway,2050,VWE,0.16989987998679712,155224.75,3.3,2.2199215412441906
850,Norway,2055,VWE,0.17017148889700653,160349.6,3.3,2.2968795383102028
851,Norway,2060,VWE,0.1703135709944696,161090.22,3.3,2.309415066474682
852,Poland,2025,VWE,0.04260918634427885,519469.03,3.5,1.7566787675985842
853,Poland,2026,VWE,0.04439227094233581,716196.6,3.5,2.5233012243647046
854,Poland,2027,VWE,0.04645344028805869,716196.6,3.5,2.6404601581899514
855,Poland,2028,VWE,0.048827407015053836,717946.56,3.5,2.7821802277748495
856,Poland,2029,VWE,0.05155020496713175,707407.94,3.5,2.8942083806081227
857,Poland,2030,VWE,0.054658120620535114,512207.1,3.5,2.221926854543048
858,Poland,2035,VWE,0.07704250452190185,522007.75,3.5,3.1918082605133264
859,Poland,2040,VWE,0.1111091694534112,519141.7,3.5,4.5778890216281605
860,Poland,2045,VWE,0.14991899361192218,519560.7,3.5,6.181906198318717
861,Poland,2050,VWE,0.18189597985471306,501031.8,3.5,7.232990040940277
862,Poland,2055,VWE,0.20192738789931564,497621.78,3.5,7.974878227050658
863,Poland,2060,VWE,0.21240607384493004,497220.44,3.5,8.381955788523618
864,Portugal,2025,VWE,0.17752686596869183,63904.44,4.3,0.7328653369264453
865,Portugal,2026,VWE,0.18086441447716736,73337.27,4.3,0.8568542355336048
866,Portugal,2027,VWE,0.18472247745579962,65568.07,4.3,0.7824223009561766
867,Portugal,2028,VWE,0.18916602944289387,65774.5,4.3,0.8037662273817734
868,Portugal,2029,VWE,0.19426251799634817,65774.5,4.3,0.825421201002399
869,Portugal,2030,VWE,0.20007986354730378,91741.81,4.3,1.1857680593416369
870,Portugal,2035,VWE,0.24197858623525773,65935.22,4.3,1.0306789833189043
871,Portugal,2040,VWE,0.305744010968775,65935.22,4.3,1.3022802194354894
872,Portugal,2045,VWE,0.37838760335669963,66606.67,4.3,1.628109807232255
873,Portugal,2050,VWE,0.438241601790912,66342.56,4.3,1.8781699623645063
874,Portugal,2055,VWE,0.4757360628584247,65178.91,4.3,2.0030981124998744
875,Portugal,2060,VWE,0.495349895363444,62986.863,4.3,2.015538548139343
876,Romania,2025,VWE,0.003391827137955422,256532.42,3.5,0.06905664143144674
877,Romania,2026,VWE,0.007187425225286107,258717.1,3.5,0.1475801413987415
878,Romania,2027,VWE,0.011574973878230324,278341.0,3.5,0.25569761506154415
879,Romania,2028,VWE,0.016628364826808097,257340.05,3.5,0.3396146114938126
880,Romania,2029,VWE,0.02242430222111715,259349.0,3.5,0.46156511137137446
881,Romania,2030,VWE,0.029040027982249025,259349.0,3.5,0.5977382759866693
882,Romania,2035,VWE,0.07668898687892012,257968.61,3.5,1.5701073403521124
883,Romania,2040,VWE,0.14920566297868287,259981.22,3.5,3.078624837057024
884,Romania,2045,VWE,0.2318189582234545,258214.0,3.5,4.750706470297218
885,Romania,2050,VWE,0.2998873986967761,258888.62,3.5,6.161701174804276
886,Romania,2055,VWE,0.34252764927349344,257787.84,3.5,7.007894008514463
887,Romania,2060,VWE,0.36483331013571707,249323.33,3.5,7.2191636187344
888,Slovakia,2025,VWE,0.0612952020806883,80347.78,3.5,0.3908677451956404
889,Slovakia,2026,VWE,0.06641117653445074,102091.07,3.5,0.5380943024336143
890,Slovakia,2027,VWE,0.07232502365594307,109054.81,3.5,0.6259835149954739
891,Slovakia,2028,VWE,0.07913633992361979,114423.75,3.5,0.7186569128069019
892,Slovakia,2029,VWE,0.0869485125938154,113941.56,3.5,0.7862737720579719
893,Slovakia,2030,VWE,0.09586565376848896,106812.266,3.5,0.8126688816413596
894,Slovakia,2035,VWE,0.1600902768331457,107048.75,3.5,1.3601162639660473
895,Slovakia,2040,VWE,0.25783336075883556,106575.484,3.5,2.180850438986001
896,Slovakia,2045,VWE,0.36918537914669874,107133.11,3.5,3.1390458612412924
897,Slovakia,2050,VWE,0.46093281777339085,99479.805,3.5,3.6391672922073792
898,Slovakia,2055,VWE,0.5184063509645538,106248.71,3.5,4.371429077269205
899,Slovakia,2060,VWE,0.5484714918250493,106544.9,3.5,4.637844552972266
900,Slovenia,2025,VWE,0.09282703762378491,35596.24,4.3,0.21345564533971548
901,Slovenia,2026,VWE,0.09506807525567569,36189.14,4.3,0.22225012138873798
902,Slovenia,2027,VWE,0.09765861867380524,36290.023,4.3,0.2289427484060173
903,Slovenia,2028,VWE,0.10064229582398089,35894.46,4.3,0.23336570555346217
904,Slovenia,2029,VWE,0.10406439519116234,35733.656,4.3,0.24021972941676795
905,Slovenia,2030,VWE,0.10797052277681313,35733.656,4.3,0.24923653972896676
906,Slovenia,2035,VWE,0.13610393088561346,35820.766,4.3,0.3149448910441101
907,Slovenia,2040,VWE,0.17892000264559574,35752.64,4.3,0.41323404059087887
908,Slovenia,2045,VWE,0.2276974283050754,34122.914,4.3,0.5019185856165513
909,Slovenia,2050,VWE,0.26788712519474506,33788.168,4.3,0.5847167296044132
910,Slovenia,2055,VWE,0.29306323814902213,33273.9,4.3,0.6299326264166432
911,Slovenia,2060,VWE,0.30623318508394404,33875.8,4.3,0.6701482060935995
912,Spain,2025,VWE,0.03779785557785207,291733.7,4.3,0.7123325837446193
913,Spain,2026,VWE,0.04409449225391786,398969.1,4.3,1.1364560940041482
914,Spain,2027,VWE,0.051373134283580334,386538.47,4.3,1.282796760084477
915,Spain,2028,VWE,0.05975636297460625,365347.2,4.3,1.4103242178743411
916,Spain,2029,VWE,0.06937142524661125,386538.47,4.3,1.7322174476949876
917,Spain,2030,VWE,0.0803464601443741,386538.47,4.3,2.00626611934016
918,Spain,2035,VWE,0.15939281206624745,370345.06,4.3,3.8133297359695555
919,Spain,2040,VWE,0.2796929997705966,367104.7,4.3,6.632856135906526
920,Spain,2045,VWE,0.41674278554881367,366406.53,4.3,9.864165509580744
921,Spain,2050,VWE,0.5296636557003579,365089.1,4.3,12.491888564525507
922,Spain,2055,VWE,0.6004009043448301,284134.12,4.3,11.020309374883789
923,Spain,2060,VWE,0.6374044645315032,274484.72,4.3,11.302182927184086
924,Sweden,2025,VWE,0.00029264512114667506,220467.4,3.3,0.005430868050196447
925,Sweden,2026,VWE,0.0006319974638081813,220467.4,3.3,0.011728522315876079
926,Sweden,2027,VWE,0.0010242742222162525,219835.66,3.3,0.018953871744192094
927,Sweden,2028,VWE,0.0014760818207363413,220467.4,3.3,0.027392924127017774
928,Sweden,2029,VWE,0.001994278133260419,220467.4,3.3,0.03700954027421166
929,Sweden,2030,VWE,0.0025857691140731567,220467.4,3.3,0.04798634883021432
930,Sweden,2035,VWE,0.0068459108506127115,212811.25,3.3,0.12263357830579515
931,Sweden,2040,VWE,0.013329396022191197,213422.81,3.3,0.23946104378668218
932,Sweden,2045,VWE,0.020715587771490976,265526.9,3.3,0.46300893472474963
933,Sweden,2050,VWE,0.026801370355542663,260037.02,3.3,0.5866454968515724
934,Sweden,2055,VWE,0.03061369942515155,257743.11,3.3,0.6641809667495767
935,Sweden,2060,VWE,0.03260797755841197,250481.11,3.3,0.6875153620184106
936,Austria,2025,VNI,0.07028937535502983,239536.45,4.0,1.1692269068742867
937,Austria,2026,VNI,0.0730167961942029,239343.27,4.0,1.213616647304221
938,Austria,2027,VNI,0.07616957774630385,249028.19,4.0,1.3172481046548798
939,Austria,2028,VNI,0.0798008167406655,239343.27,4.0,1.3263742688375326
940,Austria,2029,VNI,0.0839656308405952,239343.27,4.0,1.395597899399994
941,Austria,2030,VNI,0.08871952413804254,239343.27,4.0,1.4746126514297209
942,Austria,2035,VNI,0.1229588615150613,230696.06,4.0,1.9698699682298044
943,Austria,2040,VNI,0.17506751185984848,230696.06,4.0,2.804679791079462
944,Austria,2045,VNI,0.23443133749656375,230696.06,4.0,3.7557215938426736
945,Austria,2050,VNI,0.28334359816416044,230696.06,4.0,4.539323460191481
946,Austria,2055,VNI,0.3139838043542445,224807.61,4.0,4.9018021120307385
947,Austria,2060,VNI,0.330012088399972,224807.61,4.0,5.152029911993738
948,Belgium,2025,VNI,0.04649022058151141,282488.4,4.0,0.9120103002748042
949,Belgium,2026,VNI,0.052537518601082175,282488.4,4.0,1.0306416600251878
950,Belgium,2027,VNI,0.059527935834214354,287193.5,4.0,1.1872247126486504
951,Belgium,2028,VNI,0.06757919952766367,282488.4,4.0,1.325718081838186
952,Belgium,2029,VNI,0.07681351778784873,282488.4,4.0,1.5068700158140322
953,Belgium,2030,VNI,0.08735395551935045,282488.4,4.0,1.7136444225665295
954,Belgium,2035,VNI,0.163270174291895,267667.16,4.0,3.034865581198479
955,Belgium,2040,VNI,0.2788066303849987,267667.16,4.0,5.182456930882093
956,Belgium,2045,VNI,0.41042942216358375,267667.16,4.0,7.629061047050491
957,Belgium,2050,VNI,0.5188787721207269,267667.16,4.0,9.6449172860465
958,Belgium,2055,VNI,0.5868149173430801,259908.34,4.0,10.591534243831093
959,Belgium,2060,VNI,0.622353184476154,259908.34,4.0,11.232971198110674
960,Bulgaria,2025,VNI,0.0002694314635798042,62228.754,3.5,0.0013306653944737568
961,Bulgaria,2026,VNI,0.0005818651648295121,59683.47,3.5,0.0027561691164174154
962,Bulgaria,2027,VNI,0.0009430251279004656,66142.99,3.5,0.004950357735408251
963,Bulgaria,2028,VNI,0.0013589937319515538,67859.46,3.5,0.007319094338247
964,Bulgaria,2029,VNI,0.0018360848597925082,64984.266,3.5,0.009469573884568075
965,Bulgaria,2030,VNI,0.0023806566607170645,65638.77,3.5,0.012401855502756612
966,Bulgaria,2035,VNI,0.006302868719594923,76946.914,3.5,0.03849097745928392
967,Bulgaria,2040,VNI,0.012272060661123371,89925.74,3.5,0.08758525490542104
968,Bulgaria,2045,VNI,0.019072353266368892,90449.12,3.5,0.13691091985179193
969,Bulgaria,2050,VNI,0.024675389811877207,82902.44,3.5,0.16235317771664287
970,Bulgaria,2055,VNI,0.02818531130603305,87063.54,3.5,0.19475499802424703
971,Bulgaria,2060,VNI,0.03002139616582556,84620.41,3.5,0.201620854396619
972,Croatia,2025,VNI,0.011044914415963546,74424.516,4.3,0.05310157815221431
973,Croatia,2026,VNI,0.013269017823534358,74424.516,4.3,0.06379459001883676
974,Croatia,2027,VNI,0.015839986004403762,95803.336,4.3,0.09803123350286926
975,Croatia,2028,VNI,0.018801117233243514,88221.734,4.3,0.10714904787850422
976,Croatia,2029,VNI,0.022197357776144486,88437.305,4.3,0.12681359773296752
977,Croatia,2030,VNI,0.026073969016412894,58405.727,4.3,0.09837656368394287
978,Croatia,2035,VNI,0.05399478924314485,58515.617,4.3,0.20410456287675216
979,Croatia,2040,VNI,0.09648732472985577,58194.336,4.3,0.3627271419321584
980,Croatia,2045,VNI,0.14489616761494864,56746.414,4.3,0.5311587781628746
981,Croatia,2050,VNI,0.1847821742261528,56824.723,4.3,0.678307258976098
982,Croatia,2055,VNI,0.20976804586622558,56746.414,4.3,0.7689653962139935
983,Croatia,2060,VNI,0.2228384751346415,56746.414,4.3,0.8168788321215961
984,Czechia,2025,VNI,0.07282432525132303,252411.48,3.5,1.4588648140930485
985,Czechia,2026,VNI,0.07441725092278921,252411.48,3.5,1.490775349556957
986,Czechia,2027,VNI,0.07625860470242421,252411.48,3.5,1.527662560391196
987,Czechia,2028,VNI,0.07837939725862594,252411.48,3.5,1.5701476727153498
988,Czechia,2029,VNI,0.08081181956814888,252411.48,3.5,1.6188755573628426
989,Czechia,2030,VNI,0.08358828829792907,248276.23,3.5,1.6470623685873294
990,Czechia,2035,VNI,0.10358546610726964,253026.8,3.5,2.0801507952080067
991,Czechia,2040,VNI,0.13401905583698404,251637.56,3.5,2.676526058972467
992,Czechia,2045,VNI,0.1686899656045564,251637.56,3.5,3.3689469457011882
993,Czechia,2050,VNI,0.19725673262041712,221538.73,3.5,3.468254659496342
994,Czechia,2055,VNI,0.21515187015042145,242546.19,3.5,4.14160831024941
995,Czechia,2060,VNI,0.2245130456460711,241518.56,3.5,4.303497705479674
996,Denmark,2025,VNI,0.10321769794566484,144214.72,3.3,1.252989243404288
997,Denmark,2026,VNI,0.10412737501517687,148310.38,3.3,1.299930146292374
998,Denmark,2027,VNI,0.10517892270519026,148310.38,3.3,1.313057708014863
999,Denmark,2028,VNI,0.10639005037556849,148310.38,3.3,1.3281774723372046
1000,Denmark,2029,VNI,0.10777914142857781,135464.86,3.3,1.228980319672612
1001,Denmark,2030,VNI,0.10936470815208571,135464.86,3.3,1.2470601658551899
1002,Denmark,2035,VNI,0.1207845593315626,135464.86,3.3,1.3772780555798692
1003,Denmark,2040,VNI,0.1381643650663627,139250.92,3.3,1.6194878623316322
1004,Denmark,2045,VNI,0.15796399047239418,138022.52,3.3,1.8352346483807007
1005,Denmark,2050,VNI,0.1742777038928719,119997.7,3.3,1.7603471364963212
1006,Denmark,2055,VNI,0.1844971363236555,134349.66,3.3,2.086458613688521
1007,Denmark,2060,VNI,0.18984305223461723,139196.75,3.3,2.2243717052158885
1008,Estonia,2025,VNI,0.00042369877863223293,33876.965,3.3,0.0012082178745844586
1009,Estonia,2026,VNI,0.0009150214172884996,33983.62,3.3,0.0026174866077813518
1010,Estonia,2027,VNI,0.0014829693221504005,34885.96,3.3,0.004354782142926756
1011,Estonia,2028,VNI,0.0021371074363265054,29767.97,3.3,0.005354995982441984
1012,Estonia,2029,VNI,0.0028873647577124808,29029.438,3.3,0.007055435991246237
1013,Estonia,2030,VNI,0.0037437398961749106,29100.373,3.3,0.009170389535640476
1014,Estonia,2035,VNI,0.00991167751119268,28391.18,3.3,0.023687223805795136
1015,Estonia,2040,VNI,0.01929862624184029,26739.293,3.3,0.04343700751215879
1016,Estonia,2045,VNI,0.029992535679521513,26523.584,3.3,0.06696208433355567
1017,Estonia,2050,VNI,0.03880368085693125,26378.104,3.3,0.08615888112516595
1018,Estonia,2055,VNI,0.04432326431763708,26523.584,3.3,0.0989572270544163
1019,Estonia,2060,VNI,0.047210629075349564,25846.553,3.3,0.10271313749580346
1020,Finland,2025,VNI,0.16536696348085078,185136.27,3.3,2.5770558357026156
1021,Finland,2026,VNI,0.16505684415183022,185136.27,3.3,2.5722229790679276
1022,Finland,2027,VNI,0.1646983595038276,183991.83,3.3,2.5507703816219722
1023,Finland,2028,VNI,0.16428547221328899,183516.39,3.3,2.53780113251087
1024,Finland,2029,VNI,0.16381191516788737,183516.39,3.3,2.530485856303316
1025,Finland,2030,VNI,0.16327137731671856,183516.39,3.3,2.5221358935684473
1026,Finland,2035,VNI,0.15937821928955873,182508.8,3.3,2.448478705507934
1027,Finland,2040,VNI,0.15345324451155862,176547.9,3.3,2.2804588133254744
1028,Finland,2045,VNI,0.14670332550011142,167715.17,3.3,2.0710751867070445
1029,Finland,2050,VNI,0.14114179379908037,176547.9,3.3,2.097499134815852
1030,Finland,2055,VNI,0.137657872268437,177363.34,3.3,2.0551735157945563
1031,Finland,2060,VNI,0.1358353883223515,172836.19,3.3,1.9762012181070574
1032,France,2025,VNI,0.1475934404232238,1.3072112e+06,4.0,13.398320644318087
1033,France,2026,VNI,0.1504135714257065,1.4563234e+06,4.0,15.21186112533478
1034,France,2027,VNI,0.1536735219516514,1.467334e+06,4.0,15.659054254045534
1035,France,2028,VNI,0.15742819358807114,1.3170945e+06,4.0,14.399153535950273
1036,France,2029,VNI,0.16173457755129914,1.3055705e+06,4.0,14.66360392491589
1037,France,2030,VNI,0.1666500646217472,1.3055705e+06,4.0,15.109264689548818
1038,France,2035,VNI,0.20205326146417882,1.2984024e+06,4.0,18.218502475474498
1039,France,2040,VNI,0.25593318282586297,1.2984024e+06,4.0,23.076684291461863
1040,France,2045,VNI,0.31731489653119443,1.2224971e+06,4.0,26.938650433135763
1041,France,2050,VNI,0.3678897769196661,1.212114e+06,4.0,30.96696872222953
1042,France,2055,VNI,0.399571501337859,1.212114e+06,4.0,33.63376467763524
1043,France,2060,VNI,0.41614461689990745,1.2145695e+06,4.0,35.09976266945223
1044,Germany,2025,VNI,0.040443076986154215,1.9247724e+06,4.0,5.405813740026764
1045,Germany,2026,VNI,0.045636743792435035,1.9524355e+06,4.0,6.187694424291586
1046,Germany,2027,VNI,0.051640399942384285,1.9524355e+06,4.0,7.0017049473333905
1047,Germany,2028,VNI,0.05855515440924776,1.9524355e+06,4.0,7.9392474647083695
1048,Germany,2029,VNI,0.06648596451176694,1.9216599e+06,4.0,8.8724594421232
1049,Germany,2030,VNI,0.07553852342197853,1.9216599e+06,4.0,10.080510831135813
1050,Germany,2035,VNI,0.1407384762308701,1.9120552e+06,4.0,18.687482336999544
1051,Germany,2040,VNI,0.23996590887667604,1.7904392e+06,4.0,29.836415540934574
1052,Germany,2045,VNI,0.3530089443609717,1.799433e+06,4.0,44.112218210207466
1053,Germany,2050,VNI,0.44614968047358106,1.596263e+06,4.0,49.45640620863186
1054,Germany,2055,VNI,0.5044960198215224,1.7877639e+06,4.0,62.63331634561295
1055,Germany,2060,VNI,0.5350177367543497,1.7757521e+06,4.0,65.97631354768333
1056,Greece,2025,VNI,0.0668487681298494,115657.78,4.3,0.4994561082793908
1057,Greece,2026,VNI,0.07050378137158136,124779.81,4.3,0.5683106557773923
1058,Greece,2027,VNI,0.07472881997057916,125565.89,4.3,0.6061621906855141
1059,Greece,2028,VNI,0.07959503878714771,125843.664,4.3,0.6470627494209457
1060,Greece,2029,VNI,0.08517630093267356,136412.92,4.3,0.7505909743076709
1061,Greece,2030,VNI,0.09154698737108138,141045.64,4.3,0.8341281224654882
1062,Greece,2035,VNI,0.13743108039541785,141522.34,4.3,1.2564321316877467
1063,Greece,2040,VNI,0.2072618172892234,141173.2,4.3,1.89016891614871
1064,Greece,2045,VNI,0.28681520548136086,140788.02,4.3,2.6085365538782557
1065,Greece,2050,VNI,0.3523624645824952,140015.02,4.3,3.187082648818784
1066,Greece,2055,VNI,0.39342336642267794,132668.86,4.3,3.3717720845049275
1067,Greece,2060,VNI,0.4149028497455145,132668.86,4.3,3.555858563445073
1068,Hungary,2025,VNI,0.015068095964845079,198604.5,3.5,0.23750728573361607
1069,Hungary,2026,VNI,0.019115423903443663,215284.7,3.5,0.32660781321413895
1070,Hungary,2027,VNI,0.023793961471553306,238275.83,3.5,0.44996236311543436
1071,Hungary,2028,VNI,0.029182501011371584,236389.75,3.5,0.5474955559094231
1072,Hungary,2029,VNI,0.03536283380916066,210856.9,3.5,0.5917855597358873
1073,Hungary,2030,VNI,0.04241732458796862,210856.9,3.5,0.7098401759670975
1074,Hungary,2035,VNI,0.09322643507607564,236066.69,3.5,1.7466393840739103
1075,Hungary,2040,VNI,0.17055252768122867,223535.16,3.5,3.02575297504055
1076,Hungary,2045,VNI,0.2586448626046568,222307.84,3.5,4.56339560877024
1077,Hungary,2050,VNI,0.33122770581560795,209923.11,3.5,5.51844071179817
1078,Hungary,2055,VNI,0.3766959228125665,210644.06,3.5,6.297520787504234
1079,Hungary,2060,VNI,0.40048092910654753,149158.03,3.5,4.740869078192469
1080,Ireland,2025,VNI,0.04326609931356618,92350.06,4.0,0.27747410259778055
1081,Ireland,2026,VNI,0.048853479333452986,119666.74,4.0,0.405981705232123
1082,Ireland,2027,VNI,0.05531225107790348,113000.1,4.0,0.43404792730480557
1083,Ireland,2028,VNI,0.06275118822802127,113000.1,4.0,0.4924229742146072
1084,Ireland,2029,VNI,0.07128320453964604,111761.164,4.0,0.5532426597447847
1085,Ireland,2030,VNI,0.08102200540430624,116360.54,4.0,0.6547058585580002
1086,Ireland,2035,VNI,0.15116453229521318,109484.16,4.0,1.1493139830766979
1087,Ireland,2040,VNI,0.25791403996855206,109484.16,4.0,1.9609375828237579
1088,Ireland,2045,VNI,0.3795264616757904,109484.16,4.0,2.885564905527916
1089,Ireland,2050,VNI,0.47972786222843966,109484.16,4.0,3.6474028117513435
1090,Ireland,2055,VNI,0.5424972278550484,109484.16,4.0,4.124642469283097
1091,Ireland,2060,VNI,0.5753326864479806,115943.37,4.0,4.632362089013231
1092,Italy,2025,VNI,0.04669052688478326,501846.66,4.0,1.6271865201380855
1093,Italy,2026,VNI,0.051580027189532335,506145.56,4.0,1.812986285961314
1094,Italy,2027,VNI,0.057232079904828995,506145.56,4.0,2.0116502770195197
1095,Italy,2028,VNI,0.06374187256848374,509162.22,4.0,2.253816363171527
1096,Italy,2029,VNI,0.07120821568588971,507510.53,4.0,2.5096471049747606
1097,Italy,2030,VNI,0.07973061252057134,464741.7,4.0,2.573204055278744
1098,Italy,2035,VNI,0.14111213756241173,504707.25,4.0,4.945855428282723
1099,Italy,2040,VNI,0.2345283269826509,484719.94,4.0,7.894482900274466
1100,Italy,2045,VNI,0.3409510100438368,484719.94,4.0,11.476788127267413
1101,Italy,2050,VNI,0.4286369696160639,431362.6,4.0,12.840135970360045
1102,Italy,2055,VNI,0.4835662622841557,456382.97,4.0,15.325792293395345
1103,Italy,2060,VNI,0.5123004783613307,456382.97,4.0,16.2364733347736
1104,Latvia,2025,VNI,0.00243171214314665,36026.875,3.3,0.00737432577097863
1105,Latvia,2026,VNI,0.0032287430215372816,35758.133,3.3,0.009718335096298705
1106,Latvia,2027,VNI,0.004150076544312105,35809.766,3.3,0.012509534108701117
1107,Latvia,2028,VNI,0.005211229104178833,35136.254,3.3,0.015412716671477956
1108,Latvia,2029,VNI,0.006428307668925402,35053.547,3.3,0.01896759210476381
1109,Latvia,2030,VNI,0.007817532131912407,35053.547,3.3,0.023066686969696108
1110,Latvia,2035,VNI,0.017823252097516375,30182.11,3.3,0.04528142868530034
1111,Latvia,2040,VNI,0.03305089968293558,30372.484,3.3,0.08449814001989345
1112,Latvia,2045,VNI,0.05039871832987555,30205.72,3.3,0.12814222549583984
1113,Latvia,2050,VNI,0.0646922888431029,29861.377,3.3,0.16260950728073123
1114,Latvia,2055,VNI,0.07364623907439795,29962.049,3.3,0.1857400797223056
1115,Latvia,2060,VNI,0.0783301650489219,29962.049,3.3,0.197553212271309
1116,Lithuania,2025,VNI,0.08460191501529546,56148.918,3.3,0.39985741298233973
1117,Lithuania,2026,VNI,0.08509989312678731,56286.117,3.3,0.403193820567558
1118,Lithuania,2027,VNI,0.08567553447289422,56553.055,3.3,0.40784622594294573
1119,Lithuania,2028,VNI,0.08633853356376281,56503.402,3.3,0.4106414953094533
1120,Lithuania,2029,VNI,0.08709895389582512,56827.703,3.3,0.41663583538815335
1121,Lithuania,2030,VNI,0.08796692952045017,56827.703,3.3,0.42078777675239454
1122,Lithuania,2035,VNI,0.09421841822393527,36643.51,3.3,0.29061396591083966
1123,Lithuania,2040,VNI,0.10373252287488972,36347.906,3.3,0.31737878807129444
1124,Lithuania,2045,VNI,0.11457129236616713,36347.906,3.3,0.35054095775528715
1125,Lithuania,2050,VNI,0.12350179360976403,36048.047,3.3,0.3747473557683448
1126,Lithuania,2055,VNI,0.12909614553195778,35420.113,3.3,0.3848990075106337
1127,Lithuania,2060,VNI,0.13202262262889394,35420.113,3.3,0.3936242728969228
1128,Luxembourg,2025,VNI,0.020653031068016307,17289.65,4.0,0.02479747981686222
1129,Luxembourg,2026,VNI,0.02749988262419922,18189.396,4.0,0.03473654821815686
1130,Luxembourg,2027,VNI,0.035414549464851494,18289.717,4.0,0.04498070310990722
1131,Luxembourg,2028,VNI,0.04453032433989977,17359.625,4.0,0.053682622779246514
1132,Luxembourg,2029,VNI,0.054985573303225094,17295.588,4.0,0.06604220808923807
1133,Luxembourg,2030,VNI,0.06691963248986066,17289.65,4.0,0.08034841135686839
1134,Luxembourg,2035,VNI,0.15287324002832514,17295.588,4.0,0.18361336842939704
1135,Luxembourg,2040,VNI,0.2836855402716453,17359.625,4.0,0.34199130754329815
1136,Luxembourg,2045,VNI,0.43271105775098917,17289.65,4.0,0.5195432905599107
1137,Luxembourg,2050,VNI,0.5554992183671903,17289.65,4.0,0.6669713811197113
1138,Luxembourg,2055,VNI,0.6324176536967185,17289.65,4.0,0.759325057504889
1139,Luxembourg,2060,VNI,0.6726546717561331,17289.65,4.0,0.8076364477281008
1140,Netherlands,2025,VNI,0.07673719831756742,286897.84,4.0,1.5288706480719154
1141,Netherlands,2026,VNI,0.08285783859607282,295509.16,4.0,1.700364575785299
1142,Netherlands,2027,VNI,0.08993303633598909,295509.16,4.0,1.8455580276960761
1143,Netherlands,2028,VNI,0.09808194659235708,286897.84,4.0,1.9541319273899385
1144,Netherlands,2029,VNI,0.10742825962421235,286897.84,4.0,2.1403428391170127
1145,Netherlands,2030,VNI,0.11809653288008981,286897.84,4.0,2.352891775019299
1146,Netherlands,2035,VNI,0.19493347144460355,286897.84,4.0,3.883749594102549
1147,Netherlands,2040,VNI,0.31187116568600887,286897.84,4.0,6.213553291639474
1148,Netherlands,2045,VNI,0.4450902923640952,278581.6,4.0,8.61069247557504
1149,Netherlands,2050,VNI,0.5548549273096925,276124.1,4.0,10.639501553110692
1150,Netherlands,2055,VNI,0.6236150091625532,276124.1,4.0,11.957995742596733
1151,Netherlands,2060,VNI,0.6595842880932477,275280.34,4.0,12.609069412663201
1152,Norway,2025,VNI,0.16762914306779478,166710.2,3.3,2.352313938152167
1153,Norway,2026,VNI,0.16721020538715467,166575.75,3.3,2.3445425498727057
1154,Norway,2027,VNI,0.16672593139025932,167946.45,3.3,2.3569890539296465
1155,Norway,2028,VNI,0.1661681653057965,167345.14,3.3,2.3406933227344573
1156,Norway,2029,VNI,0.1655284409426686,166575.75,3.3,2.3209616428949817
1157,Norway,2030,VNI,0.16479823275351108,166575.75,3.3,2.31072300844213
1158,Norway,2035,VNI,0.15953899722177284,166575.75,3.3,2.2369804910197457
1159,Norway,2040,VNI,0.1515349969577908,165978.56,3.3,2.1171347472234574
1160,Norway,2045,VNI,0.1424165862347469,164514.38,3.3,1.9721864716232453
1161,Norway,2050,VNI,0.13490355826904435,155224.75,3.3,1.7626576017311757
1162,Norway,2055,VNI,0.13019715699380138,160349.6,3.3,1.7573283737689858
1163,Norway,2060,VNI,0.12773517824585218,161090.22,3.3,1.7320612998560116
1164,Poland,2025,VNI,0.04213261890689876,519469.03,3.5,1.7370309880843229
1165,Poland,2026,VNI,0.04336307417808556,716196.6,3.5,2.464800647570194
1166,Poland,2027,VNI,0.04478542771589137,716196.6,3.5,2.545648649874174
1167,Poland,2028,VNI,0.04642363370793255,717946.56,3.5,2.6452134917557957
1168,Poland,2029,VNI,0.0483025580708942,707407.94,3.5,2.711874151862773
1169,Poland,2030,VNI,0.050447241055818944,512207.1,3.5,2.0507488798913864
1170,Poland,2035,VNI,0.06589405899912879,522007.75,3.5,2.7299372357810756
1171,Poland,2040,VNI,0.0894024822575698,519141.7,3.5,3.6835361477960347
1172,Poland,2045,VNI,0.11618402294369894,519560.7,3.5,4.790845471124742
1173,Poland,2050,VNI,0.13825041918871486,501031.8,3.5,5.497449179176476
1174,Poland,2055,VNI,0.1520735163343207,497621.78,3.5,6.005959800412577
1175,Poland,2060,VNI,0.15930455538369753,497220.44,3.5,6.286466841392714
1176,Portugal,2025,VNI,0.17641546822960366,63904.44,4.3,0.7282772714859177
1177,Portugal,2026,VNI,0.1784642358935175,73337.27,4.3,0.8454832691034061
1178,Portugal,2027,VNI,0.18083252347222753,65568.07,4.3,0.7659457638917124
1179,Portugal,2028,VNI,0.18356021584912038,65774.5,4.3,0.779947132288735
1180,Portugal,2029,VNI,0.18668871598067155,65774.5,4.3,0.793240125515404
1181,Portugal,2030,VNI,0.19025971709851142,91741.81,4.3,1.1275692191855802
1182,Portugal,2035,VNI,0.2159794176464989,65935.22,4.3,0.9199386196152077
1183,Portugal,2040,VNI,0.255122081771981,65935.22,4.3,1.0866621379765484
1184,Portugal,2045,VNI,0.29971464505517265,66606.67,4.3,1.2895992063605248
1185,Portugal,2050,VNI,0.33645626431150966,66342.56,4.3,1.4419490224041869
1186,Portugal,2055,VNI,0.35947239103324036,65178.91,4.3,1.513567131421744
1187,Portugal,2060,VNI,0.371512421522583,62986.863,4.3,1.511653911104507
1188,Romania,2025,VNI,0.0025732645020808574,256532.42,3.5,0.05239093762767211
1189,Romania,2026,VNI,0.005419654391404422,258717.1,3.5,0.11128232104619028
1190,Romania,2027,VNI,0.00870995906468939,278341.0,3.5,0.19240784329659796
1191,Romania,2028,VNI,0.01249959131022219,257340.05,3.5,0.2552893138240944
1192,Romania,2029,VNI,0.01684607300262809,259349.0,3.5,0.3467470017553559
1193,Romania,2030,VNI,0.021807329301043593,259349.0,3.5,0.44886580096435097
1194,Romania,2035,VNI,0.05754017343250981,257968.61,3.5,1.1780602710811223
1195,Romania,2040,VNI,0.11192178310469672,259981.22,3.5,2.309330452980574
1196,Romania,2045,VNI,0.17387503603032278,258214.0,3.5,3.5632515348300022
1197,Romania,2050,VNI,0.22492083073445668,258888.62,3.5,4.621384402936415
1198,Romania,2055,VNI,0.2568975509580532,257787.84,3.5,5.255957619711775
1199,Romania,2060,VNI,0.2736249826017878,249323.33,3.5,5.4143727140508
1200,Slovakia,2025,VNI,0.060064617434008545,80347.78,3.5,0.3830205429711186
1201,Slovakia,2026,VNI,0.06375360147338183,102091.07,3.5,0.5165613907570832
1202,Slovakia,2027,VNI,0.06801790885795735,109054.81,3.5,0.5887048149765411
1203,Slovakia,2028,VNI,0.07292935578281523,114423.75,3.5,0.6622897360486978
1204,Slovakia,2029,VNI,0.07856249186542125,113941.56,3.5,0.7104391435638231
1205,Slovakia,2030,VNI,0.08499238938885728,106812.266,3.5,0.7204944348418258
1206,Slovakia,2035,VNI,0.13130294304028212,107048.75,3.5,1.1155410051656545
1207,Slovakia,2040,VNI,0.20178270790615582,106575.484,3.5,1.7067531750809084
1208,Slovakia,2045,VNI,0.28207548932978693,107133.11,3.5,2.3983828920441623
1209,Slovakia,2050,VNI,0.3482319644658849,99479.805,3.5,2.7493689455811388
1210,Slovakia,2055,VNI,0.3896744987366856,106248.71,3.5,3.2859057981801665
1211,Slovakia,2060,VNI,0.41135361886878696,106544.9,3.5,3.4783834147291985
1212,Slovenia,2025,VNI,0.09213995386193947,35596.24,4.3,0.21187569717438076
1213,Slovenia,2026,VNI,0.09358424667446223,36189.14,4.3,0.21878122732090438
1214,Slovenia,2027,VNI,0.09525378724178236,36290.023,4.3,0.22330506148214754
1215,Slovenia,2028,VNI,0.09717669268592313,35894.46,4.3,0.22532979068427422
1216,Slovenia,2029,VNI,0.09938215030494084,35733.656,4.3,0.22941134872551405
1217,Slovenia,2030,VNI,0.10189955202835255,35733.656,4.3,0.2352224578922987
1218,Slovenia,2035,VNI,0.12003083128269867,35820.766,4.3,0.27775169191868937
1219,Slovenia,2040,VNI,0.14762472074863672,35752.64,4.3,0.3409543871229143
1220,Slovenia,2045,VNI,0.17906055399428916,34122.914,4.3,0.3947072247127635
1221,Slovenia,2050,VNI,0.204961810416407,33788.168,4.3,0.4473697621464944
1222,Slovenia,2055,VNI,0.22118718676425764,33273.9,4.3,0.4754367226955528
1223,Slovenia,2060,VNI,0.22967488881295803,33875.8,4.3,0.5026111545701996
1224,Spain,2025,VNI,0.0363677353993765,291733.7,4.3,0.6853807584036138
1225,Spain,2026,VNI,0.04100599953551558,398969.1,4.3,1.0568557586401812
1226,Spain,2027,VNI,0.046367634011632713,386538.47,4.3,1.1578084832156343
1227,Spain,2028,VNI,0.05254293536424824,365347.2,4.3,1.240078387198627
1228,Spain,2029,VNI,0.0596256369392817,386538.47,4.3,1.488863293048688
1229,Spain,2030,VNI,0.06771012924493816,386538.47,4.3,1.6907345761862376
1230,Spain,2035,VNI,0.12593770026003,370345.06,4.3,3.0129462618527194
1231,Spain,2040,VNI,0.21455390521288045,367104.7,4.3,5.088097263217843
1232,Spain,2045,VNI,0.3155082938719737,366406.53,4.3,7.467978182993762
1233,Spain,2050,VNI,0.3986887041752046,365089.1,4.3,9.402900899262825
1234,Spain,2055,VNI,0.4507955765192838,284134.12,4.3,8.274315848162635
1235,Spain,2060,VNI,0.47805334839862745,274484.72,4.3,8.476637195388065
1236,Sweden,2025,VNI,0.00021948384086000632,220467.4,3.3,0.0040731510376473355
1237,Sweden,2026,VNI,0.00047399809785613606,220467.4,3.3,0.00879639173690706
1238,Sweden,2027,VNI,0.0007682056666621895,219835.66,3.3,0.014215403808144076
1239,Sweden,2028,VNI,0.001107061365552256,220467.4,3.3,0.02054469309526333
1240,Sweden,2029,VNI,0.0014957085999453145,220467.4,3.3,0.02775715520565875
1241,Sweden,2030,VNI,0.0019393268355548676,220467.4,3.3,0.03598976162266074
1242,Sweden,2035,VNI,0.005134433137959533,212811.25,3.3,0.09197518372934638
1243,Sweden,2040,VNI,0.009997047016643399,213422.81,3.3,0.17959578284001165
1244,Sweden,2045,VNI,0.015536690828618234,265526.9,3.3,0.3472567010435623
1245,Sweden,2050,VNI,0.020101027766657,260037.02,3.3,0.43998412263867936
1246,Sweden,2055,VNI,0.022960274568863664,257743.11,3.3,0.4981357250621825
1247,Sweden,2060,VNI,0.02445598316880898,250481.11,3.3,0.515636521513808
